Date, Instance, Algorithm, RandSeed, Duration, IterCount, GenerationCount, Optima, Solution
[LogicError]2014-10-31 Fri 10:07:17, DSJC125.1.col, HEA(PS=8), 1414721237, 0.188, 0, 0, 87, 2 3 3 4 6 2 2 1 5 4 5 6 4 4 2 1 3 6 7 3 6 7 1 0 6 7 7 2 5 5 6 1 2 1 6 6 1 0 5 0 7 3 3 7 5 1 6 6 2 7 7 6 6 5 4 1 4 3 7 4 0 3 7 1 2 0 5 4 1 0 2 4 3 6 7 4 3 3 5 3 5 6 7 1 7 1 4 3 0 6 1 0 5 2 7 4 1 1 0 5 5 2 0 5 0 4 2 0 1 1 0 7 3 2 7 3 0 4 2 5 1 1 5 6 5 
2014-10-31 Fri 10:59:18, DSJC125.1.col, HEA(PS=8), 1414724342, 12.28, 0, 0, 134, 2 4 2 0 1 1 3 0 1 3 3 1 4 0 2 2 3 2 4 4 2 1 3 0 4 1 1 2 1 1 0 3 3 0 4 4 0 0 4 0 3 0 0 2 4 3 0 0 4 0 2 0 4 2 1 2 2 2 2 1 1 3 0 2 4 4 0 0 4 1 2 3 2 3 0 0 3 1 1 1 4 3 0 4 1 2 0 2 3 4 3 3 2 4 2 0 2 2 3 4 2 2 3 3 3 2 3 1 3 0 0 2 1 3 1 2 2 2 0 0 2 2 3 2 4 
2014-10-31 Fri 11:00:01, DSJC125.1.col, HEA(PS=8), 1414724401, 0.126, 0, 0, 129, 3 3 2 2 0 0 3 0 4 1 2 0 1 1 4 1 1 4 2 4 4 0 4 1 0 3 4 0 2 4 4 3 3 1 3 4 1 4 4 1 0 3 1 4 4 3 0 2 0 0 2 1 2 3 3 2 4 2 1 0 1 2 3 4 2 4 3 1 3 2 4 0 3 1 4 2 0 3 0 2 2 3 0 2 1 0 3 0 3 3 1 3 4 4 1 4 1 0 0 2 3 1 4 0 3 1 4 3 1 2 3 4 3 3 2 1 3 1 3 4 4 0 4 2 4 
2014-10-31 Fri 11:16:17, DSJC125.1.col, HEA(PS=8), 1414725377, 0, 0, 0, 131, 1 4 4 4 3 1 2 3 4 1 3 2 4 4 2 0 1 3 0 4 4 2 4 1 0 1 1 0 3 2 3 4 2 2 1 2 3 4 3 0 3 3 1 1 2 0 0 4 0 3 3 1 1 1 4 2 2 3 4 4 1 1 2 4 2 4 0 2 4 4 3 0 3 0 2 2 2 3 2 3 2 4 2 2 1 2 2 0 3 0 4 3 1 0 4 0 2 0 1 1 3 4 0 2 4 4 0 4 1 0 2 0 1 1 2 1 4 1 3 2 2 1 1 3 1 
2014-10-31 Fri 11:29:10, DSJC125.1.col, HEA(PS=8), 1414726150, 0, 0, 0, 131, 4 0 0 4 0 1 3 1 1 1 3 4 0 3 2 1 0 1 3 1 0 2 0 4 2 0 4 4 1 1 0 0 4 0 3 3 1 0 1 1 1 3 3 1 0 3 1 1 0 0 1 4 0 0 4 2 0 0 0 1 2 1 4 3 0 3 4 3 1 3 3 4 4 2 2 1 0 0 0 0 2 4 2 3 3 0 2 1 2 1 4 3 2 0 1 3 3 1 3 2 1 0 1 3 1 3 4 4 2 2 4 1 1 3 1 3 0 2 1 1 4 0 2 3 4 
2014-11-06 Thu 11:09:08, DSJC125.1.col, HEA(PS=1|GC=1000|IC=10000|TB=0), 1415243341, 6.715, 0, 0, 1, 2 1 4 4 3 3 2 1 0 4 3 1 4 1 3 3 4 0 0 2 0 0 2 3 0 1 4 2 0 0 0 4 2 2 0 1 2 2 4 0 1 4 3 4 2 3 4 2 4 1 3 3 1 4 2 1 4 0 1 2 2 0 1 1 4 4 1 2 2 1 4 2 4 3 2 2 4 1 0 0 1 4 3 2 3 3 0 0 4 2 4 2 0 3 1 1 3 1 0 4 1 0 0 1 2 2 1 2 0 0 4 2 3 2 3 0 2 2 3 1 4 0 4 3 1 
2014-11-06 Thu 11:09:22, DSJC125.1.col, HEA(PS=1|GC=1000|IC=10000|TB=0), 1415243355, 6.719, 0, 0, 1, 1 4 1 0 0 3 1 3 1 1 3 3 4 2 4 4 1 0 1 0 0 3 1 1 3 2 1 4 0 3 0 1 2 4 2 4 0 2 3 2 0 0 3 3 3 0 1 2 4 4 3 0 0 4 0 0 0 2 1 2 3 2 4 1 1 3 4 4 2 3 4 4 0 2 4 4 4 1 0 3 3 4 1 3 4 0 0 4 1 4 2 3 0 0 1 0 1 0 3 0 0 2 0 3 2 2 1 4 1 0 4 0 2 2 4 0 1 2 3 4 4 2 2 3 1 
2014-11-06 Thu 11:10:29, DSJC125.1.col, HEA(PS=1|GC=1000|IC=10000|TB=0), 1415243422, 6.999, 0, 0, 1, 4 4 1 3 1 1 2 2 2 4 0 4 0 4 0 3 3 1 4 0 3 2 3 1 0 3 0 0 0 4 2 2 0 0 2 3 4 4 2 2 4 3 4 1 4 1 2 2 3 0 1 1 3 4 1 3 1 4 0 0 0 0 3 2 0 3 3 0 4 3 4 1 3 1 4 0 3 2 0 3 3 0 3 4 1 1 2 2 3 4 4 4 1 1 2 1 2 1 1 3 1 2 1 4 0 4 0 0 3 1 4 0 2 2 0 2 2 2 3 3 4 2 0 4 4 
2014-11-06 Thu 11:12:27, DSJC125.1.col, HEA(PS=1|GC=1000|IC=10000|TB=0), 1415243516, 30.636, 0, 0, 0, 3 4 1 0 4 1 4 1 4 1 3 0 0 1 0 4 2 3 0 2 3 4 1 0 0 3 0 1 1 2 2 0 0 3 2 1 1 3 1 0 0 2 3 1 1 2 4 4 2 2 3 3 0 2 1 4 4 4 0 3 0 3 4 0 0 2 0 1 3 4 2 2 1 4 4 3 2 0 0 4 4 2 4 1 3 3 0 4 2 2 3 2 2 0 4 1 0 3 1 2 3 4 2 1 2 1 0 1 2 4 1 3 4 1 3 2 0 0 3 2 1 4 0 3 0 
2014-11-06 Thu 11:12:41, DSJC125.1.col, HEA(PS=1|GC=1000|IC=10000|TB=0), 1415243560, 1.221, 0, 0, 0, 3 1 1 3 1 2 4 0 1 4 0 2 3 2 3 1 4 4 4 3 2 2 2 1 2 4 3 2 0 0 2 3 2 1 0 2 1 0 3 2 3 3 3 0 0 0 1 2 2 0 1 3 1 1 4 3 1 1 0 2 0 2 4 2 3 0 3 4 1 0 4 1 3 1 1 4 3 4 0 0 1 3 2 0 4 0 3 2 4 3 3 4 1 2 1 4 2 0 0 3 4 1 4 0 4 4 4 4 3 1 4 2 0 3 0 2 2 2 0 4 4 2 0 0 3 
2014-11-06 Thu 11:12:51, DSJC125.1.col, HEA(PS=1|GC=1000|IC=10000|TB=0), 1415243564, 6.872, 0, 0, 1, 1 1 0 3 0 0 1 2 4 2 2 4 4 0 4 3 3 0 1 3 4 0 3 3 1 2 3 0 0 1 0 3 1 0 1 4 2 2 1 4 4 3 2 2 2 3 0 4 3 1 0 2 3 2 0 3 3 4 4 1 1 1 4 1 3 3 3 4 2 1 1 0 2 2 4 2 3 4 4 3 4 1 3 2 1 2 4 1 3 4 2 3 0 0 4 0 1 2 1 3 0 1 1 0 4 4 4 2 1 0 0 1 4 4 2 1 4 4 3 4 3 1 2 2 2 
2014-11-06 Thu 11:14:41, DSJC125.1.col, HEA(PS=1|GC=1000|IC=10000|TB=0), 1415243681, 0.096, 90000, 8, 0, 1 2 1 4 3 1 2 1 3 0 3 1 2 1 2 3 1 2 4 0 3 0 1 1 2 1 4 2 4 1 1 4 4 3 0 1 3 0 3 4 4 0 3 0 0 3 4 2 2 2 3 0 3 3 4 3 0 3 1 2 2 2 2 2 4 0 2 1 3 0 2 2 4 4 3 2 0 1 0 3 1 2 4 4 2 3 4 2 1 1 4 1 3 4 3 1 2 0 0 4 1 2 2 1 0 1 1 1 4 3 1 2 0 1 0 3 4 2 0 2 1 2 0 1 1 
2014-11-06 Thu 11:14:43, DSJC125.1.col, HEA(PS=1|GC=1000|IC=10000|TB=0), 1415243683, 0.242, 280000, 27, 0, 2 0 1 4 0 2 0 3 0 4 2 2 2 3 2 0 4 0 1 1 2 0 4 1 2 2 4 2 4 3 3 3 3 0 4 3 3 3 4 1 3 4 0 4 3 1 4 3 4 2 1 1 1 1 3 0 4 0 2 2 2 2 0 1 4 4 1 3 3 1 3 3 4 0 3 2 4 1 1 0 3 4 4 3 2 1 1 0 4 3 4 3 0 0 1 1 2 2 1 4 1 0 1 3 1 3 2 2 1 0 4 2 0 3 2 0 3 3 4 3 4 0 1 2 3 
2014-11-06 Thu 11:14:53, DSJC125.1.col, HEA(PS=1|GC=1000|IC=10000|TB=0), 1415243685, 7.881, 10000000, 1000, 1, 3 3 0 0 0 2 3 1 4 2 1 2 4 1 4 3 1 3 4 0 4 0 3 0 3 1 1 3 4 2 0 0 1 4 1 4 1 4 0 0 4 0 2 2 2 0 1 3 3 2 2 0 0 2 0 3 0 4 4 4 3 4 3 3 2 0 4 4 1 2 4 3 1 2 1 4 2 4 4 2 4 3 3 2 3 2 0 2 1 1 1 3 0 3 1 0 3 2 2 0 1 3 3 0 4 4 4 1 4 0 1 3 2 1 2 3 4 1 2 4 4 3 1 2 1 
2014-11-06 Thu 11:16:01, DSJC125.1.col, HEA(PS=1|GC=1000|IC=10000|TB=0), 1415243760, 0.47, 540000, 53, 0, 4 0 1 0 1 4 1 4 1 0 2 2 3 4 3 3 4 3 3 2 3 0 0 1 3 4 1 2 0 0 4 1 2 3 0 3 4 2 0 1 2 0 3 2 4 1 4 4 0 3 3 3 3 1 4 3 1 1 2 2 2 2 4 3 2 0 3 1 1 0 4 3 0 1 1 3 0 4 2 0 4 2 0 2 3 3 1 3 0 4 2 4 1 1 3 4 3 2 2 0 4 1 0 4 2 4 2 4 3 1 0 3 1 4 2 0 1 4 2 3 0 1 2 0 4 
2014-11-06 Thu 11:16:03, DSJC125.1.col, HEA(PS=1|GC=1000|IC=10000|TB=0), 1415243763, 0.279, 340000, 33, 0, 0 2 2 3 4 1 0 0 4 1 3 1 2 1 3 2 3 4 1 0 2 4 3 3 3 0 3 0 1 1 4 0 0 4 0 1 0 0 2 3 3 2 4 1 0 4 3 0 1 1 1 2 3 2 0 3 2 4 3 1 0 4 4 3 3 2 2 2 0 2 0 4 2 1 0 2 2 3 3 4 4 2 3 0 1 3 3 4 2 0 0 0 4 1 3 1 3 4 4 2 1 4 2 0 1 0 3 0 2 4 1 1 2 0 1 4 3 0 1 2 1 4 2 2 0 
2014-11-06 Thu 11:16:05, DSJC125.1.col, HEA(PS=1|GC=1000|IC=10000|TB=0), 1415243764, 0.148, 140000, 13, 0, 0 0 3 1 4 1 2 2 2 0 4 2 2 0 0 4 2 1 1 3 0 1 1 4 1 2 4 0 3 1 2 2 3 4 1 2 4 0 0 1 0 4 0 3 0 3 4 2 1 3 3 4 2 0 4 4 4 3 2 1 1 1 2 1 1 3 3 3 4 3 2 3 1 4 4 3 0 2 3 1 2 0 1 3 4 4 1 1 2 4 0 2 4 1 4 3 2 3 0 1 4 1 3 0 3 2 2 2 2 4 0 1 4 2 0 1 4 1 0 2 2 1 3 0 2 
2014-11-06 Thu 11:16:13, DSJC125.1.col, HEA(PS=1|GC=1000|IC=10000|TB=0), 1415243766, 6.942, 10000000, 1000, 1, 1 0 1 0 3 1 2 2 2 3 3 2 2 1 1 1 2 0 1 4 3 0 0 4 0 1 3 0 0 4 4 1 0 0 0 2 1 3 3 3 3 3 4 3 3 4 0 2 0 2 1 4 2 4 3 2 3 1 2 1 3 0 2 4 0 3 2 1 3 2 1 4 0 1 2 2 0 2 4 0 1 4 0 1 2 3 0 0 2 1 3 2 4 0 4 1 2 4 4 4 4 0 4 3 4 2 2 2 0 4 1 0 3 2 3 4 3 1 0 2 2 0 3 1 3 
2014-11-06 Thu 11:20:50, DSJC125.1.col, HEA(PS=1|GC=100|IC=100000|TB=0), 1415244044, 6.26, 10000000, 100, 2, 3 4 3 4 4 2 3 2 3 0 2 4 3 4 4 3 0 2 3 2 4 3 2 3 1 4 3 4 1 2 4 3 1 2 2 4 4 1 0 2 0 0 3 1 2 2 3 0 0 4 1 1 0 4 2 4 0 4 2 2 2 1 4 3 1 0 1 4 3 0 0 3 2 3 3 1 1 4 2 2 3 0 0 1 0 2 2 2 4 4 1 0 3 2 3 4 0 1 2 2 2 3 0 2 1 4 4 2 0 3 4 2 1 4 1 2 3 2 1 4 0 3 1 0 4 
2014-11-06 Thu 11:20:58, DSJC125.1.col, HEA(PS=1|GC=100|IC=100000|TB=0), 1415244053, 5.712, 10000000, 100, 1, 2 1 4 4 3 4 2 2 3 1 2 4 0 4 0 3 4 0 4 1 0 3 2 4 0 4 2 2 3 4 4 3 2 2 2 4 2 2 2 3 1 1 1 4 2 3 2 2 0 0 3 1 3 1 2 1 3 3 4 0 0 0 0 0 1 1 0 4 2 0 0 0 1 3 2 0 1 4 0 3 3 0 4 2 2 1 2 3 4 2 2 4 3 1 3 4 0 1 3 0 4 0 0 1 0 4 4 2 0 3 4 0 1 2 1 3 2 2 1 1 4 0 1 4 1 
2014-11-06 Thu 11:21:07, DSJC125.1.col, HEA(PS=1|GC=100|IC=100000|TB=0), 1415244060, 6.132, 10000000, 100, 1, 3 1 3 3 1 3 4 2 0 2 0 1 0 3 4 4 3 4 3 0 1 0 4 3 1 0 0 4 2 0 1 3 0 0 0 1 1 0 3 0 2 0 1 2 2 4 3 0 4 1 1 2 1 1 3 4 4 0 3 1 4 0 4 1 3 2 4 3 0 2 3 4 2 0 1 2 2 3 4 1 1 4 4 2 2 2 1 4 3 3 2 3 1 4 0 3 4 2 1 4 1 4 4 1 0 3 3 3 4 0 3 4 2 0 2 1 2 3 4 4 4 4 0 1 3 
2014-11-06 Thu 11:21:20, DSJC125.1.col, HEA(PS=1|GC=100|IC=100000|TB=0), 1415244074, 6.652, 10000000, 100, 1, 1 1 0 3 0 0 0 0 4 1 4 1 3 1 3 3 4 3 1 2 2 0 0 0 3 0 3 3 2 1 0 0 2 3 2 1 1 1 1 0 4 2 4 2 2 4 0 3 3 3 1 0 0 1 0 3 2 1 0 4 2 4 3 4 4 0 3 1 1 2 1 4 2 4 1 4 3 0 2 3 0 2 0 1 3 4 0 3 0 1 2 1 1 3 0 0 4 2 2 2 2 3 2 1 4 0 0 3 2 2 1 3 2 4 3 4 4 4 2 4 3 3 2 1 1 
2014-11-06 Thu 11:27:14, DSJC125.1.col, HEA(PS=1|GC=100|IC=100000|TB=0), 1415244433, 0.68, 800000, 7, 0, 3 2 4 0 2 3 3 1 2 0 4 2 0 4 3 4 0 0 0 2 4 3 3 2 2 1 4 4 1 1 2 1 4 3 0 1 2 1 0 1 1 4 3 1 0 3 4 4 4 0 2 1 2 2 1 2 2 2 1 1 3 3 3 3 3 1 1 1 4 0 0 3 1 3 4 3 0 0 1 2 3 4 1 1 4 2 2 0 4 4 4 0 2 2 4 1 3 2 1 3 4 3 0 2 3 1 1 0 0 2 0 3 4 3 1 2 3 3 4 0 0 3 4 0 0 
2014-11-06 Thu 11:27:25, DSJC125.1.col, HEA(PS=1|GC=100|IC=100000|TB=0), 1415244437, 7.889, 10000000, 100, 5, 3 3 3 3 0 2 3 4 0 1 1 0 1 4 0 3 4 4 2 0 1 2 4 0 4 1 1 3 2 2 0 0 0 4 1 4 0 1 3 1 1 1 3 1 1 2 1 4 4 3 2 1 4 3 1 0 0 0 4 3 2 2 4 3 2 1 3 0 1 2 3 2 1 2 0 3 4 4 0 4 2 3 0 3 3 1 0 4 4 3 1 4 3 0 1 3 2 2 2 1 3 2 3 1 2 0 3 4 3 0 3 2 0 1 2 4 0 4 2 4 2 0 1 3 1 
2014-11-06 Thu 16:01:30, DSJC125.1.col, HEA(PS=1|GC=100|IC=100000|TB=10), 1415260837, 53.286, 700000, 6, 0, 3 2 3 4 2 4 3 0 2 0 3 2 3 4 3 4 1 4 4 1 2 3 1 3 2 4 3 3 1 0 2 0 3 3 0 2 4 0 0 3 1 1 2 4 0 1 4 1 1 2 4 0 1 0 4 1 1 2 3 3 3 2 2 3 3 1 1 4 0 1 0 1 0 4 0 1 1 3 1 2 4 1 4 0 4 2 2 2 3 0 0 1 2 2 4 4 3 2 2 3 4 3 1 0 3 0 3 0 1 4 4 4 2 3 0 2 3 3 1 1 1 2 0 0 0 
2014-11-06 Thu 16:01:42, DSJC125.1.col, HEA(PS=1|GC=100|IC=100000|TB=10), 1415260901, 1.126, 1100000, 10, 0, 0 3 0 4 3 4 0 0 3 2 0 4 1 4 1 3 0 1 4 2 1 3 4 0 1 4 0 1 4 4 4 4 0 3 2 4 4 2 0 0 4 2 3 2 2 0 3 1 1 1 3 2 3 2 0 3 2 4 0 4 1 1 1 3 2 2 1 4 3 2 1 3 2 3 3 1 2 0 2 3 0 1 4 4 1 2 0 3 0 4 2 4 3 3 0 4 1 2 2 0 0 1 1 2 1 4 0 0 0 3 4 1 2 0 2 3 0 1 2 1 4 1 2 4 0 
2014-11-06 Thu 16:01:45, DSJC125.1.col, HEA(PS=1|GC=100|IC=100000|TB=10), 1415260904, 0.724, 700000, 6, 0, 1 4 2 3 0 1 1 4 2 0 0 1 1 4 1 2 3 0 2 2 0 1 3 2 3 4 3 4 4 2 2 3 3 4 3 4 2 4 3 0 0 0 2 2 0 2 3 1 3 4 2 0 3 2 0 0 3 2 4 4 1 1 1 1 3 3 4 4 0 0 1 2 0 1 2 1 3 1 2 2 1 3 3 4 4 0 3 3 3 4 0 2 2 2 0 4 1 0 2 3 0 1 2 0 1 4 4 4 3 2 4 4 0 4 0 0 1 1 3 4 4 1 4 4 0 
2014-11-06 Thu 16:01:48, DSJC125.1.col, HEA(PS=1|GC=100|IC=100000|TB=10), 1415260907, 0.498, 500000, 4, 0, 1 0 1 1 4 1 3 2 4 0 2 1 3 1 3 4 1 3 1 2 4 4 2 1 4 3 2 2 4 0 4 4 1 2 0 1 2 2 1 4 2 0 2 0 0 2 4 3 3 3 4 0 4 0 1 4 4 4 1 2 3 3 3 2 0 0 3 1 2 0 1 2 0 3 4 2 0 1 4 4 1 0 4 2 3 2 3 4 1 1 0 1 2 3 4 1 3 0 0 2 1 4 3 1 3 1 1 1 3 4 1 2 0 2 0 4 2 1 0 3 3 3 0 0 1 
2014-11-06 Thu 16:01:50, DSJC125.1.col, HEA(PS=1|GC=100|IC=100000|TB=10), 1415260910, 0.399, 300000, 2, 0, 3 2 3 2 0 3 0 0 1 4 1 3 2 3 2 2 3 0 2 4 2 1 0 3 2 3 4 0 4 3 3 4 3 1 1 3 3 1 2 1 4 1 0 4 4 0 1 0 2 2 2 4 2 2 3 2 1 1 4 0 0 1 0 0 4 4 2 3 1 2 3 0 4 1 2 2 2 3 4 1 3 4 0 4 0 2 1 0 3 3 4 3 1 4 1 3 0 1 0 2 3 0 2 4 3 3 3 3 0 1 3 0 4 3 4 0 0 3 4 2 2 0 4 2 4 
2014-11-06 Thu 16:01:53, DSJC125.1.col, HEA(PS=1|GC=100|IC=100000|TB=10), 1415260912, 0.356, 400000, 3, 0, 1 0 1 0 2 3 1 1 1 0 3 1 4 0 4 2 1 2 0 2 2 0 1 1 3 3 4 4 4 3 1 1 4 4 3 1 2 4 1 1 4 4 2 3 3 2 0 3 4 3 2 2 2 2 1 2 4 3 3 3 4 4 0 2 0 3 4 1 1 3 4 2 0 0 1 4 0 0 3 3 1 4 0 3 4 2 1 0 1 1 4 3 2 0 1 2 4 3 3 2 2 0 2 1 4 1 1 1 0 2 0 4 3 1 4 2 1 1 0 2 0 0 4 3 1 
2014-11-06 Thu 16:01:55, DSJC125.1.col, HEA(PS=1|GC=100|IC=100000|TB=10), 1415260915, 0.638, 600000, 5, 0, 1 2 4 4 3 4 4 3 2 0 4 4 4 1 1 3 4 2 0 3 2 2 1 4 2 4 1 1 2 4 4 1 2 3 2 4 0 0 2 3 1 1 3 0 0 3 1 2 1 3 3 3 3 3 0 3 2 2 4 0 0 2 1 3 1 4 3 0 0 2 0 0 1 0 0 0 1 4 3 2 4 1 1 0 0 3 4 3 4 1 1 4 3 3 2 3 4 2 2 3 3 2 2 4 0 0 4 0 2 2 1 0 2 4 0 2 0 4 1 3 0 2 0 4 4 
2014-11-06 Thu 16:01:58, DSJC125.1.col, HEA(PS=1|GC=100|IC=100000|TB=10), 1415260917, 0.701, 700000, 6, 0, 1 2 1 1 3 1 3 3 4 0 4 1 0 2 2 3 1 4 1 0 0 3 1 4 2 1 3 2 0 0 1 3 1 4 0 1 4 2 2 3 2 0 2 2 0 3 4 3 3 0 4 0 4 4 1 3 4 4 2 2 3 2 3 3 2 0 2 1 4 0 0 0 2 3 3 1 0 1 0 4 1 2 3 2 4 0 4 3 1 1 2 4 4 3 1 1 3 2 2 0 1 3 0 2 0 1 1 1 0 4 1 2 3 0 2 4 3 1 2 0 2 3 2 2 1 
2014-11-06 Thu 17:00:23, DSJC125.1.col, HEA(PS=1|GC=100|IC=100000|TB=10), 1415264422, 0.608, 800000, 7, 0, 1 1 3 1 2 0 3 3 3 1 2 3 3 1 1 0 3 0 0 0 1 4 1 0 0 3 4 1 4 4 0 4 4 1 4 3 0 2 4 2 2 2 0 0 4 2 1 2 1 3 0 0 3 0 4 1 2 2 3 4 4 2 1 0 4 4 3 2 2 2 3 0 1 2 3 3 1 3 0 4 3 1 1 4 1 0 4 4 3 1 1 3 0 0 2 0 3 2 0 0 0 1 0 4 2 3 3 3 1 0 1 1 2 3 4 0 2 3 1 2 1 1 2 3 3 
2014-11-06 Thu 17:00:26, DSJC125.1.col, HEA(PS=1|GC=100|IC=100000|TB=10), 1415264426, 0.858, 1000000, 9, 0, 3 3 2 3 0 4 2 4 0 4 4 2 2 3 3 0 2 3 1 4 1 4 3 0 1 2 0 3 4 4 1 0 0 3 4 2 0 0 1 4 3 3 1 4 4 0 3 4 3 2 1 1 1 1 4 1 0 0 2 2 4 3 3 1 3 4 2 0 0 4 2 0 3 0 2 2 3 2 4 4 2 3 3 4 2 1 1 1 2 0 3 2 1 3 1 1 2 4 4 1 1 0 1 1 2 2 2 2 3 0 2 3 4 2 4 1 0 2 3 2 3 0 0 1 1 
2014-11-06 Thu 17:00:29, DSJC125.1.col, HEA(PS=1|GC=100|IC=100000|TB=10), 1415264428, 0.458, 600000, 5, 0, 1 0 4 4 2 4 3 2 3 1 2 0 3 0 0 4 1 3 4 4 1 4 2 4 3 0 1 0 0 3 3 4 3 1 3 0 2 0 3 3 0 1 4 0 2 4 2 3 1 3 4 2 4 1 2 2 1 0 0 3 4 3 1 3 4 1 0 0 2 2 1 1 2 2 2 1 1 3 4 4 3 1 4 0 1 2 3 3 1 1 2 4 1 4 2 0 3 0 0 2 2 3 3 0 1 0 0 2 1 4 1 2 3 2 0 2 2 3 4 3 0 3 0 0 2 
2014-11-06 Thu 17:03:00, DSJC125.1.col, HEA(PS=1|GC=100|IC=100000|TB=10), 1415264579, 0.378, 500000, 4, 0, 0 1 0 1 2 2 3 4 3 1 4 3 3 1 1 0 3 2 0 2 2 2 1 0 2 3 0 1 4 4 2 0 0 1 4 3 0 4 4 2 1 1 2 2 4 4 0 3 1 3 2 2 3 0 4 1 0 0 3 4 4 2 3 2 1 4 3 0 0 4 3 0 4 0 0 3 1 3 2 4 3 1 1 4 4 4 4 2 3 0 1 3 2 1 0 2 3 4 2 2 2 0 2 2 3 3 3 3 1 2 1 1 4 3 4 2 0 3 1 4 1 0 4 1 0 
2014-11-06 Thu 17:03:02, DSJC125.1.col, HEA(PS=1|GC=100|IC=100000|TB=10), 1415264582, 0.62, 600000, 5, 0, 1 3 1 4 0 1 2 1 0 3 0 1 2 1 4 0 4 2 4 4 4 1 1 0 2 2 2 2 3 1 1 1 1 2 2 1 0 3 1 2 3 3 0 3 3 4 0 2 2 2 0 3 0 0 1 0 4 0 1 1 2 2 4 2 3 3 4 4 0 3 4 0 4 0 0 3 3 4 2 0 1 3 4 1 0 0 2 4 4 4 3 1 0 2 0 4 2 3 1 4 4 2 4 1 2 1 1 1 4 0 1 2 3 1 3 0 1 1 3 4 4 2 3 3 3 
2014-11-06 Thu 17:03:05, DSJC125.1.col, HEA(PS=1|GC=100|IC=100000|TB=10), 1415264585, 0.389, 500000, 4, 0, 0 4 4 3 1 3 3 4 1 0 1 4 2 4 2 1 0 3 3 0 2 3 3 1 2 4 0 2 4 4 4 0 3 1 3 4 1 2 3 3 0 0 2 4 0 3 1 2 0 4 1 3 3 0 3 1 1 1 4 4 2 2 0 2 0 0 2 4 1 3 4 2 0 1 1 2 0 3 2 1 3 0 3 4 1 1 3 3 3 0 0 4 1 1 3 4 2 2 4 3 3 2 3 4 2 4 4 4 4 1 0 2 1 4 0 3 2 2 0 2 4 2 2 4 3 
2014-11-06 Thu 17:03:08, DSJC125.1.col, HEA(PS=1|GC=100|IC=100000|TB=10), 1415264587, 0.362, 500000, 4, 0, 0 3 4 3 4 0 4 0 4 0 2 2 3 0 2 4 0 3 3 2 3 1 1 4 2 0 4 2 2 1 1 1 1 4 1 0 0 2 3 1 2 1 3 1 0 1 4 2 1 3 3 3 3 4 0 3 4 4 2 0 2 2 0 3 1 1 3 0 4 3 0 4 1 4 4 3 1 0 2 1 4 2 1 2 4 3 2 3 1 4 2 0 4 1 4 0 3 2 2 3 0 4 3 0 2 0 2 0 3 4 0 3 2 0 2 1 4 1 2 3 0 4 2 3 3 
2014-11-06 Thu 17:03:11, DSJC125.1.col, HEA(PS=1|GC=100|IC=100000|TB=10), 1415264590, 0.825, 800000, 7, 0, 1 1 2 1 2 2 4 3 0 1 2 3 0 3 4 0 3 2 4 4 1 2 1 2 4 1 0 2 4 1 3 0 4 2 1 3 3 4 2 2 3 1 2 4 3 2 0 3 1 4 2 4 3 0 3 0 0 0 4 4 2 4 3 2 4 1 4 4 0 4 4 0 1 0 0 4 1 3 4 0 3 4 1 4 1 1 2 0 1 0 1 3 0 1 0 4 2 2 2 2 3 0 1 3 4 3 4 4 1 0 1 4 2 3 4 3 3 3 1 3 1 0 4 1 3 
[LogicError] 2014-11-06 Thu 17:06:13, DSJC250.1.col, HEA(PS=1|GC=100|IC=100000|TB=10), 1415264771, 2.835, 1300000, 12, -2147467282, 7 3 0 1 0 4 4 6 2 2 0 3 3 3 1 0 7 6 2 7 4 1 3 1 6 2 1 3 7 1 4 7 0 3 7 0 2 1 0 4 5 2 2 0 6 5 3 6 3 5 4 5 7 7 3 5 7 5 3 3 6 5 2 2 6 3 0 7 5 0 6 1 6 2 7 5 0 7 2 1 7 0 0 1 5 0 6 5 6 3 4 1 1 1 5 5 3 4 6 0 0 4 6 1 7 0 1 6 3 4 0 2 1 6 2 3 2 6 0 7 5 7 6 6 0 5 0 0 2 4 4 4 4 0 2 6 1 5 2 3 6 6 3 4 5 3 5 2 5 1 4 0 0 6 0 3 5 6 5 3 6 3 4 1 6 0 4 1 2 4 6 1 1 4 7 5 2 1 7 7 1 4 3 3 7 6 4 1 4 4 2 1 3 4 2 0 4 6 3 2 3 0 0 2 4 7 6 4 3 7 5 2 3 6 5 4 5 1 1 6 7 3 3 7 0 5 3 1 7 7 0 5 0 1 2 2 2 4 1 1 4 1 4 5 2 7 7 1 7 6 
2014-11-06 Thu 17:22:49, DSJC250.1.col, HEA(PS=1|GC=100|IC=100000|TB=10), 1415265767, 1.68, 900815, 9, 0, 5 2 1 3 6 4 2 2 5 7 4 5 3 3 4 0 1 5 7 7 2 3 4 0 2 5 4 2 1 3 4 7 0 2 0 5 7 7 5 6 7 5 6 1 4 5 5 3 4 2 0 6 0 3 3 6 6 7 5 4 4 3 3 7 1 2 4 6 5 4 5 7 4 7 3 4 5 3 2 6 1 5 5 3 1 6 0 6 7 4 5 3 7 3 0 2 0 0 1 0 5 7 2 7 5 0 0 2 2 6 0 7 2 0 2 5 2 2 1 5 6 2 4 2 1 7 0 3 1 2 2 6 1 1 2 1 7 1 0 1 2 1 5 1 0 4 7 6 6 4 0 3 0 1 5 2 3 7 7 2 0 0 3 7 3 4 0 1 1 3 3 7 6 4 4 6 7 3 6 3 3 4 1 5 5 4 4 6 4 6 0 7 4 4 6 0 4 2 5 7 4 6 2 3 6 5 7 1 4 4 5 5 6 0 1 5 2 5 6 0 5 2 3 0 2 7 5 4 1 6 6 0 2 6 6 2 0 1 6 3 1 1 1 3 0 4 1 7 6 2 
2014-11-06 Thu 17:23:35, DSJC125.1.col, HEA(PS=1|GC=100|IC=100000|TB=10), 1415265815, 0.346, 401301, 4, 0, 4 2 0 0 1 3 2 2 2 1 1 0 2 0 0 4 4 3 0 4 3 3 4 4 3 2 4 3 0 4 2 4 2 2 2 0 0 1 0 3 1 1 3 1 1 4 2 2 4 0 0 1 2 4 1 4 1 0 2 2 3 3 3 3 4 4 4 0 1 0 2 4 3 1 2 1 4 2 3 3 2 4 3 0 1 1 3 3 2 4 1 2 4 3 1 0 2 1 3 3 1 3 3 2 1 2 2 2 0 3 0 3 1 2 1 3 1 2 4 0 0 3 1 0 0 
2014-11-06 Thu 17:23:38, DSJC125.1.col, HEA(PS=1|GC=100|IC=100000|TB=10), 1415265818, 0.456, 502195, 5, 0, 4 2 0 4 3 3 0 0 0 4 1 0 0 2 2 2 4 1 2 1 3 3 4 0 3 2 4 3 2 1 1 0 0 1 1 2 2 1 0 1 4 4 3 2 4 1 4 3 4 2 2 1 0 4 1 4 4 2 0 2 3 3 3 3 4 4 0 2 1 2 2 3 4 2 0 4 4 0 3 3 0 4 3 2 2 1 1 3 0 4 4 0 1 3 1 2 0 1 2 4 1 3 3 0 1 0 0 0 4 1 2 3 1 0 2 3 0 0 4 1 2 3 2 2 0 
2014-11-06 Thu 17:23:41, DSJC125.1.col, HEA(PS=1|GC=100|IC=100000|TB=10), 1415265820, 0.273, 300984, 3, 0, 2 3 4 3 0 0 4 4 4 2 1 3 4 3 3 0 2 0 3 1 0 4 2 4 3 1 2 0 3 1 4 4 4 2 1 3 0 1 3 1 2 1 0 1 1 0 4 0 2 3 3 1 4 2 1 2 2 3 4 3 0 3 0 0 2 2 3 3 1 1 3 0 2 1 4 2 2 4 0 0 3 2 0 3 3 1 4 3 4 2 1 4 2 0 1 3 4 1 0 2 1 0 0 4 1 4 4 4 2 0 2 0 1 4 1 0 4 4 2 3 3 0 1 3 4 
2014-11-06 Thu 17:25:09, DSJC250.5.col, HEA(PS=1|GC=100|IC=100000|TB=10), 1415265860, 48.991, 10000000, 100, 1, 21 16 11 16 22 15 7 20 19 12 2 24 14 24 16 21 0 15 26 26 26 25 9 5 15 12 24 11 9 11 11 7 23 3 21 9 6 19 2 16 13 14 6 0 9 15 0 19 23 9 15 25 17 1 0 10 24 7 20 25 3 9 8 23 1 5 4 3 24 23 12 8 26 5 21 18 18 14 7 17 27 10 18 0 25 2 4 2 1 23 26 6 13 15 18 10 17 19 3 17 25 12 12 18 17 27 16 3 25 25 22 20 17 22 7 5 5 9 13 27 2 16 6 1 1 10 0 17 7 24 22 8 11 15 14 23 3 13 3 13 15 17 2 14 12 24 11 1 10 24 21 1 8 10 5 16 22 2 6 18 23 9 22 27 4 17 4 26 3 12 23 14 22 27 13 9 18 27 19 5 21 20 24 8 4 27 3 14 19 0 19 25 11 23 18 27 1 21 20 12 20 8 18 21 0 4 20 11 25 17 10 12 6 4 26 7 2 5 1 10 8 19 22 4 14 13 2 24 7 19 27 10 17 25 6 13 23 16 15 8 0 21 12 15 3 17 10 13 25 7 
2014-11-06 Thu 21:05:04, DSJC125.1.col, HEA(PS=1|GC=100|IC=100000|TB=10), 12345678, 0.417, 513862, 5, 0, 4 2 4 2 2 4 4 1 0 4 1 4 3 1 2 2 3 2 4 3 2 4 4 4 2 2 1 1 0 4 3 4 1 1 0 2 1 1 1 0 3 3 2 3 1 0 1 0 3 0 2 2 2 3 1 2 3 0 4 1 4 0 3 2 4 3 2 3 1 0 3 3 1 0 1 3 3 4 3 0 0 3 2 1 2 2 0 0 4 1 1 3 3 4 2 2 4 0 0 3 2 0 3 1 3 4 4 1 2 2 1 1 0 1 0 0 1 1 4 2 4 0 1 4 4 
2014-11-07 Fri 17:26:32, DSJC125.1.col, HEA(PS=1|GC=100|IC=100000|TB=0), 1415352390, 1.207, 21863, 0, 0, 4 4 0 1 0 1 2 2 2 4 0 2 2 3 3 0 2 1 1 3 4 1 1 0 1 2 0 0 3 1 2 2 3 1 1 2 0 3 4 1 4 0 4 3 4 3 0 2 1 3 3 4 2 4 0 2 0 3 2 3 1 1 2 1 1 4 3 3 0 3 3 3 4 3 0 4 4 2 1 1 2 4 1 3 4 0 1 1 2 4 4 2 0 1 0 3 2 4 3 1 0 1 4 2 3 2 2 2 4 0 0 1 0 2 3 1 0 1 4 2 2 1 3 4 2 
2014-11-07 Fri 17:26:39, DSJC125.1.col, HEA(PS=1|GC=100|IC=100000|TB=0), 1415352399, 0.006, 824, 0, 0, 3 3 1 2 0 2 1 4 0 3 4 1 3 2 2 2 1 0 2 4 3 2 2 2 0 1 4 4 1 3 0 2 4 0 4 1 4 4 3 0 3 3 3 4 4 4 2 4 2 4 2 3 2 3 1 3 0 0 1 1 4 0 0 2 2 3 1 1 4 3 1 4 3 2 4 1 3 1 0 4 1 3 2 4 1 0 0 0 1 1 3 1 0 0 2 1 2 0 0 3 1 2 3 3 1 1 1 1 1 0 1 4 0 1 4 0 0 2 4 1 1 0 4 3 3 
2014-11-07 Fri 17:32:52, DSJC250.1.col, HEA(PS=1|GC=100|IC=100000|TB=0), 1415352772, 0.08, 19748, 0, 0, 7 3 1 0 6 3 3 6 3 3 5 0 3 6 3 0 2 0 3 3 4 5 6 2 6 2 7 7 1 7 3 5 6 2 2 5 7 3 5 3 7 5 2 4 6 0 7 3 2 2 6 3 0 3 6 0 2 0 2 0 6 7 1 3 4 4 0 2 7 6 6 7 6 6 3 1 3 6 1 2 1 0 6 2 1 7 6 1 4 3 2 7 1 7 1 4 1 0 1 5 5 7 2 7 1 6 1 5 2 2 1 3 7 7 0 0 4 6 4 7 3 4 6 5 0 6 3 5 4 1 4 2 1 0 5 3 5 4 7 1 4 6 0 2 5 5 3 2 2 1 7 6 0 4 0 4 3 6 0 6 2 2 7 1 7 5 3 1 7 7 6 4 7 4 5 3 2 4 0 5 1 5 0 2 3 3 0 5 5 5 1 0 1 1 5 2 2 4 5 0 5 3 4 7 2 7 7 1 5 2 7 1 0 2 3 4 4 2 1 6 0 4 0 5 4 5 7 1 0 2 6 0 1 2 2 3 7 4 1 2 4 1 7 6 6 0 1 4 1 6 
2014-11-07 Fri 17:32:58, DSJC250.1.col, HEA(PS=1|GC=100|IC=100000|TB=0), 1415352778, 0.149, 62017, 0, 0, 4 1 4 4 5 5 1 3 6 5 5 6 3 2 1 6 0 6 1 2 5 3 5 3 6 5 4 2 7 2 5 4 7 3 4 6 5 1 7 6 2 3 6 0 5 4 2 2 5 0 5 3 4 6 0 7 1 4 3 1 0 7 2 4 2 2 2 0 2 2 5 3 5 5 6 1 7 6 5 2 6 6 7 2 7 7 4 1 2 2 3 5 2 2 7 1 7 6 0 4 4 2 0 4 7 6 4 0 7 2 7 7 3 3 6 4 0 7 0 1 1 7 5 0 0 5 2 5 5 3 0 1 7 6 0 4 3 0 1 3 0 7 6 2 3 5 1 0 4 2 5 6 6 0 6 0 7 3 7 3 0 4 1 3 0 5 2 3 7 6 7 1 1 1 7 1 6 2 6 7 1 1 6 2 4 1 5 7 5 6 3 6 3 7 0 5 5 0 1 7 4 1 2 2 6 6 0 1 2 2 3 4 6 5 1 3 6 3 7 3 3 3 4 1 0 4 3 5 4 4 6 4 4 3 4 7 5 0 7 3 0 7 1 3 1 6 2 1 7 6 
2014-11-07 Fri 17:33:37, DSJC250.5.col, HEA(PS=1|GC=100|IC=100000|TB=0), 1415352813, 3.85, 1021585, 10, 0, 19 26 20 5 10 13 6 2 1 4 24 1 16 9 9 18 26 15 0 0 8 5 12 3 19 4 19 7 25 22 23 6 20 27 21 19 16 20 12 12 0 13 16 23 25 19 17 17 25 25 15 14 11 9 23 0 22 6 7 7 27 25 18 17 12 26 10 27 21 21 4 15 3 15 6 1 19 13 6 11 13 9 9 23 14 9 21 22 14 7 26 5 1 13 22 14 11 8 27 11 5 4 4 14 11 16 22 27 2 7 10 20 11 10 3 26 5 25 12 26 21 8 21 0 2 12 23 11 6 12 6 15 7 17 13 5 27 7 27 1 25 11 12 13 4 22 0 8 9 15 18 5 1 19 26 24 10 2 0 1 17 25 24 3 15 11 21 24 27 4 3 5 13 21 8 25 9 3 17 7 21 8 26 20 18 26 27 26 24 23 24 17 22 24 19 9 17 2 22 4 10 15 1 18 23 26 0 7 2 11 18 4 3 18 14 6 22 10 16 9 7 5 10 18 8 1 0 3 6 21 14 8 11 19 20 20 24 10 2 13 23 18 4 20 27 11 22 16 2 6 
2014-11-07 Fri 17:34:18, DSJC250.5.col, HEA(PS=1|GC=100|IC=100000|TB=0), 1415352819, 39.208, 10000000, 100, 1, 19 23 9 26 2 13 24 3 5 20 7 17 10 7 22 18 15 20 9 22 6 26 25 4 0 20 17 3 7 0 3 19 12 27 22 11 15 25 16 16 9 6 21 27 22 11 27 5 12 23 8 13 14 1 10 19 16 24 20 24 16 22 8 23 8 25 2 16 3 21 11 3 17 22 24 23 24 27 24 14 1 18 12 27 0 7 11 22 8 10 17 26 21 24 25 15 14 23 1 14 26 2 17 1 14 5 6 0 18 22 1 15 14 12 25 10 26 18 9 0 1 0 22 9 18 15 6 14 6 16 5 10 11 5 0 26 2 9 4 17 3 14 16 4 7 9 9 27 15 16 24 26 15 15 22 27 19 18 4 25 11 3 0 26 1 14 11 21 1 20 4 4 6 23 7 3 22 23 20 9 5 21 16 6 2 13 18 21 27 25 10 4 8 10 11 12 3 18 13 17 12 20 25 19 17 6 8 8 13 14 12 0 16 5 8 18 13 2 5 17 2 26 12 2 21 7 8 19 19 10 6 15 14 15 19 21 4 23 4 6 11 24 2 5 5 14 15 21 24 19 
2014-11-07 Fri 18:15:16, DSJC250.9.col, HEA(PS=1|GC=100|IC=100000|TB=0), 1415355315, 1.541, 287987, 2, 0, 71 46 39 55 67 71 30 40 21 64 59 13 54 11 61 24 29 19 54 70 8 16 53 1 6 42 2 28 5 65 3 25 8 52 47 7 34 26 71 46 69 19 22 47 29 61 10 38 24 29 55 34 48 4 65 52 26 17 45 36 48 62 12 15 5 20 31 41 33 67 35 43 58 66 46 54 62 2 24 40 17 36 49 39 23 61 35 13 6 7 2 33 58 45 3 42 61 12 32 49 31 40 59 19 32 14 23 28 22 43 37 15 47 15 17 23 18 32 43 51 55 16 50 53 31 33 70 27 66 44 56 30 16 1 11 57 69 44 65 5 4 42 64 39 57 56 41 46 27 44 60 28 66 39 41 0 45 64 10 14 9 54 13 34 26 50 21 53 3 5 0 56 38 2 19 10 68 45 13 35 37 60 20 14 58 60 50 11 55 22 63 43 51 12 25 49 17 31 68 35 28 59 62 25 63 0 53 1 33 0 21 6 36 68 42 67 4 64 52 18 37 15 7 20 18 14 9 59 38 37 71 63 29 47 21 52 8 69 27 48 70 51 57 18 7 32 55 30 9 63 
2014-11-07 Fri 18:15:21, DSJC250.9.col, HEA(PS=1|GC=100|IC=100000|TB=0), 1415355321, 0.326, 34363, 0, 0, 31 18 36 42 6 31 65 57 23 32 40 9 57 53 32 1 4 7 60 13 27 0 55 66 2 39 58 64 52 20 46 19 33 16 56 44 62 48 31 18 47 7 4 46 17 32 50 6 37 4 42 62 71 69 20 16 68 15 53 28 71 30 21 51 52 60 45 25 14 70 59 26 24 49 18 49 56 12 6 54 15 3 56 50 25 38 59 9 2 44 34 14 24 49 65 39 51 36 41 34 45 8 40 7 41 29 17 64 65 26 21 51 17 54 15 28 30 41 26 58 42 0 10 55 45 14 13 10 33 32 37 70 3 66 53 0 47 19 20 52 19 39 8 43 1 43 5 18 27 38 63 64 12 12 25 67 4 33 69 29 38 49 9 62 11 10 23 55 68 52 67 57 68 12 7 27 48 66 9 59 21 1 60 29 24 63 58 8 42 50 35 26 22 63 34 70 15 45 48 59 64 40 30 5 35 67 55 5 14 67 23 2 28 54 39 11 69 33 16 1 21 51 44 37 46 29 3 40 22 61 31 35 43 6 23 16 46 47 61 71 13 22 8 65 44 41 42 36 61 35 
2014-11-07 Fri 18:15:27, DSJC250.9.col, HEA(PS=1|GC=100|IC=100000|TB=0), 1415355324, 2.989, 587588, 5, 0, 12 42 60 53 6 12 52 7 56 17 71 0 1 16 17 62 36 41 1 22 68 22 63 21 27 38 49 10 13 55 32 20 68 5 24 35 9 54 12 53 61 41 36 24 47 17 33 69 7 36 53 23 65 56 34 5 38 25 15 68 65 28 64 31 13 44 14 43 67 6 18 43 57 3 20 1 28 49 40 37 11 29 70 26 44 2 56 0 50 35 49 43 57 11 4 38 31 60 46 52 37 19 71 41 46 45 47 10 62 50 64 31 24 18 26 11 8 46 14 67 22 27 45 63 15 43 9 58 39 17 16 45 27 25 18 34 61 23 55 13 20 61 19 26 62 3 40 53 58 2 59 10 39 26 39 66 36 59 33 21 29 1 0 3 40 14 51 63 4 13 47 9 4 49 41 33 48 21 0 69 64 59 70 16 57 59 70 19 14 15 30 32 50 66 52 11 25 2 48 69 10 71 28 7 30 66 63 42 34 66 51 54 55 48 38 6 69 37 5 8 64 31 35 44 8 70 29 71 54 42 12 30 56 24 51 5 32 51 58 65 23 67 19 8 35 46 14 60 42 30 
2014-11-07 Fri 18:16:12, DSJC250.9.col, HEA(PS=1|GC=10|IC=1000000|TB=0), 1415355371, 0.758, 122827, 0, 0, 15 34 6 70 0 15 13 52 38 51 69 5 36 53 60 67 8 22 36 27 38 59 16 44 9 21 28 47 19 61 65 31 62 11 39 71 45 50 15 34 56 22 2 39 8 51 59 0 1 8 70 45 12 60 61 11 19 10 63 20 12 29 58 66 35 53 17 41 62 7 23 18 52 64 34 36 29 28 0 41 57 20 46 24 41 32 23 5 68 71 28 14 49 63 25 21 1 6 3 13 17 48 69 22 3 14 56 25 2 18 58 67 39 55 24 57 26 3 18 62 70 25 33 16 17 62 27 33 64 30 31 14 9 57 30 66 32 30 61 35 60 21 48 24 2 43 56 34 19 35 38 30 40 24 40 42 63 33 68 37 51 36 5 45 59 43 47 16 10 49 42 31 10 28 22 43 55 63 5 23 58 53 46 37 49 67 46 48 70 65 54 18 40 47 13 57 65 17 9 23 4 69 29 44 54 42 16 44 52 42 1 50 20 55 21 4 37 47 11 26 58 67 71 1 26 46 7 69 55 19 15 54 8 39 68 11 50 32 66 12 27 64 48 26 71 3 70 6 7 54 
2014-11-07 Fri 18:16:14, DSJC250.9.col, HEA(PS=1|GC=10|IC=1000000|TB=0), 1415355374, 0.717, 118715, 0, 0, 42 43 31 52 68 42 31 33 6 65 20 66 70 50 13 30 25 67 70 1 32 16 60 6 17 36 57 21 61 35 34 56 55 11 19 8 38 9 42 43 62 67 29 34 25 13 60 49 41 25 52 26 53 44 35 11 36 22 27 71 53 28 48 40 61 50 63 37 45 68 14 46 4 24 43 70 15 56 30 33 22 71 0 51 18 13 44 23 17 8 2 45 4 27 39 36 13 30 64 2 63 33 20 67 14 19 18 21 29 46 48 40 19 40 51 18 28 54 46 26 52 16 3 31 63 45 38 3 55 10 64 64 17 22 10 16 62 10 35 61 44 62 5 51 60 24 37 43 32 15 47 10 56 51 37 12 27 55 66 6 59 70 57 24 5 3 69 26 39 61 12 38 39 2 67 32 7 27 23 49 48 15 0 50 4 47 0 5 52 29 58 46 41 47 59 66 22 63 7 49 21 20 28 65 58 12 57 65 45 12 69 9 71 7 36 68 49 55 11 57 48 40 8 41 34 0 14 20 9 66 42 58 25 19 69 11 34 69 23 53 1 54 60 1 8 31 52 54 59 58 
2014-11-07 Fri 18:16:18, DSJC250.9.col, HEA(PS=1|GC=10|IC=1000000|TB=0), 1415355376, 1.425, 279427, 0, 0, 68 41 65 58 46 68 51 44 19 42 24 61 21 13 42 20 1 48 38 56 52 70 32 45 0 26 53 39 4 34 37 44 28 69 17 55 12 27 68 41 50 48 1 17 30 42 35 7 18 1 58 12 5 19 34 69 26 66 13 20 5 14 60 49 4 67 15 31 33 46 11 6 3 16 41 16 28 29 14 31 66 64 28 65 31 8 19 47 0 55 25 33 3 16 22 26 49 29 54 25 15 62 24 48 54 57 30 39 21 6 60 49 17 23 66 36 59 54 6 11 58 70 2 32 15 33 56 2 10 42 18 18 64 37 13 70 63 36 34 4 50 63 62 65 20 38 50 41 52 8 40 39 29 65 10 71 1 40 61 57 8 16 36 12 27 2 9 32 22 4 30 44 22 25 48 53 23 37 47 7 60 40 67 57 3 40 14 62 58 21 43 6 11 71 28 61 66 15 53 7 39 24 63 45 43 71 32 45 33 71 9 0 64 23 26 46 7 10 69 59 60 49 55 67 59 57 35 24 23 61 68 43 19 17 9 69 52 9 47 5 56 51 62 59 55 54 58 51 35 43 
2014-11-07 Fri 18:17:06, DSJC250.5.col, HEA(PS=1|GC=10|IC=1000000|TB=0), 1415355401, 24.347, 6340795, 6, 0, 22 21 23 4 22 14 27 0 14 8 4 26 12 24 24 22 3 15 10 5 6 5 25 4 1 8 26 9 22 7 20 20 14 20 17 25 3 14 3 17 16 12 13 20 23 18 3 14 27 27 10 10 19 24 17 5 7 27 15 7 17 23 16 15 14 21 25 23 26 5 8 21 10 21 22 2 3 21 27 19 17 24 24 20 9 24 18 9 0 11 26 5 11 10 7 12 19 6 16 19 3 8 8 11 19 16 22 11 12 23 13 13 19 13 2 9 4 27 0 6 12 6 21 23 0 5 2 19 4 26 13 21 15 27 1 6 23 11 23 6 20 19 16 16 8 26 1 0 24 18 17 0 1 7 9 12 13 0 21 17 18 25 6 2 18 19 18 11 23 8 15 4 13 15 11 27 24 12 1 10 6 13 26 12 10 9 25 11 20 25 16 13 7 16 18 24 0 16 7 8 2 22 5 2 14 9 15 10 18 19 3 8 20 14 26 7 1 15 0 24 11 12 2 17 6 9 4 26 22 4 1 6 19 1 14 9 16 22 4 21 18 3 8 14 2 19 7 15 3 2 
2014-11-07 Fri 18:26:33, DSJC250.5.col, HEA(PS=1|GC=1|IC=10000000|TB=0), 1415355969, 24.46, 6129558, 0, 0, 6 21 23 8 1 4 4 2 25 22 11 6 10 17 17 27 18 26 2 2 24 3 25 9 6 22 6 1 5 19 1 4 27 15 24 6 15 23 7 10 0 24 12 9 15 6 18 23 9 3 14 2 13 17 27 14 19 8 20 3 8 2 0 26 25 8 26 7 20 5 22 8 16 8 4 21 24 8 4 13 20 17 17 18 3 17 20 19 12 27 16 16 7 26 19 15 13 1 0 13 11 22 22 21 13 0 19 3 3 3 11 15 13 9 21 14 11 5 25 18 20 27 8 23 2 15 18 13 4 7 4 21 9 16 7 26 3 25 26 25 2 13 0 0 22 23 10 24 17 5 10 12 15 6 18 16 1 27 14 10 14 2 12 20 8 13 20 25 23 22 26 11 1 20 25 2 17 21 16 23 5 14 7 21 10 18 3 21 11 9 0 6 19 0 6 17 5 0 19 22 27 19 1 14 18 26 20 14 18 13 7 22 7 12 14 4 19 24 11 17 3 12 11 10 15 25 14 24 4 20 26 15 13 6 23 27 0 27 16 8 18 9 22 23 16 13 19 25 3 4 
2014-11-07 Fri 18:26:50, DSJC250.5.col, HEA(PS=1|GC=1|IC=10000000|TB=0), 1415356004, 6.577, 1655604, 0, 0, 8 0 9 25 22 6 23 5 17 3 24 17 27 15 15 21 1 26 19 19 25 9 21 14 10 3 14 7 11 20 18 23 25 10 13 16 8 8 27 27 1 9 12 18 11 6 18 16 11 11 10 19 2 15 16 10 20 23 7 7 13 11 16 26 21 0 22 13 6 12 3 0 14 17 23 17 17 18 23 2 16 15 15 18 0 15 24 20 5 7 25 1 12 26 20 19 2 13 14 2 9 3 3 4 2 13 20 10 19 7 22 8 2 22 9 10 21 11 5 12 9 25 14 6 5 21 18 2 23 27 23 0 7 10 27 26 27 7 13 25 11 2 27 9 3 25 19 5 15 24 16 5 26 6 14 1 22 5 14 17 24 11 10 16 24 2 24 12 13 3 26 9 10 8 25 11 15 13 26 7 8 12 27 4 24 19 21 12 18 18 0 9 20 1 24 15 5 8 20 3 22 20 17 21 14 4 16 7 24 2 27 3 14 4 10 23 20 22 5 15 7 0 22 4 12 21 9 1 23 16 6 25 2 1 12 12 4 22 26 0 24 8 3 1 13 2 20 26 1 23 
2014-11-07 Fri 18:36:59, DSJC125.1.col, HEA(PS=1|GC=1|IC=10000000|TB=0), 1415356619, 0.026, 15467, 0, 0, 2 4 0 2 1 0 3 0 4 1 1 0 3 0 1 4 2 3 4 2 1 0 2 4 3 0 2 0 0 3 0 2 3 4 3 0 4 1 1 2 1 1 1 1 1 2 4 3 3 3 4 1 4 1 0 2 4 4 0 1 3 3 2 3 2 2 2 2 4 1 0 4 2 4 4 1 2 2 3 4 4 3 2 0 1 1 3 2 2 2 1 0 4 3 4 0 3 1 0 2 1 3 3 0 3 0 0 0 2 4 0 3 1 0 1 4 2 3 1 3 0 3 1 1 2 
2014-11-07 Fri 18:37:00, DSJC125.1.col, HEA(PS=1|GC=1|IC=10000000|TB=0), 1415356620, 0.057, 38091, 0, 0, 4 1 3 0 3 4 3 3 3 1 2 1 0 4 1 4 3 4 1 0 0 4 3 3 2 1 2 4 2 2 4 3 3 2 2 1 1 1 3 3 0 0 1 1 1 4 3 4 4 1 1 0 3 0 3 0 0 1 2 1 2 2 4 4 2 0 0 0 3 1 1 4 0 1 3 0 0 0 2 1 3 2 4 1 1 1 2 4 3 0 2 4 0 2 3 1 4 0 1 2 2 4 0 3 2 3 3 3 0 2 1 4 2 3 1 4 3 4 2 0 1 4 1 1 3 
2014-11-07 Fri 18:48:47, DSJC250.9.col, HEA(PS=1|GC=1|IC=10000000|TB=0), 1415357064, 262.983, 10000000, 1, 9, 38 24 63 71 15 38 44 26 59 50 54 7 37 6 50 41 3 55 37 65 36 20 12 1 33 8 62 52 25 18 34 17 2 68 47 43 49 14 38 56 28 55 9 34 3 50 20 64 40 3 71 49 42 19 18 68 8 32 45 66 56 70 57 22 25 21 1 2 0 15 11 10 14 22 35 37 70 27 56 28 32 46 23 39 13 53 11 7 60 43 4 58 33 45 44 8 40 27 16 4 53 64 54 55 0 58 13 51 44 10 57 41 69 22 39 42 35 63 10 48 71 21 16 12 48 2 65 30 29 50 6 16 46 32 62 26 60 17 18 25 17 0 64 39 66 66 9 58 36 69 51 67 29 39 29 31 45 56 19 47 69 37 7 49 20 30 52 12 27 25 31 6 67 4 55 36 21 45 7 11 57 13 23 67 47 41 23 57 71 9 61 10 48 52 5 66 32 53 33 11 28 54 70 5 61 31 12 24 26 31 40 13 46 59 8 15 19 52 68 62 0 41 43 40 34 23 35 54 14 24 38 61 3 64 5 68 34 63 1 42 65 59 51 44 43 30 71 63 24 61 
2014-11-07 Fri 18:50:50, DSJC250.1.col, HEA(PS=1|GC=1|IC=10000000|TB=0), 1415357450, 0.098, 29292, 0, 0, 0 5 0 5 4 1 4 6 0 0 3 3 3 1 0 7 6 1 3 7 4 0 3 6 6 2 5 4 4 0 0 5 3 6 1 7 0 3 4 7 3 1 1 7 7 5 5 4 7 6 3 1 3 2 3 6 2 2 6 5 7 0 3 2 7 7 5 7 1 3 4 0 5 7 7 5 4 1 4 3 1 6 1 1 2 5 4 2 0 2 1 6 2 5 3 7 4 4 6 5 5 0 7 0 1 3 1 4 4 6 6 1 0 4 0 5 4 3 1 1 2 4 3 6 7 3 1 3 6 7 5 2 5 5 0 2 6 7 0 2 1 1 7 2 3 6 0 7 2 4 7 4 6 0 7 7 2 6 7 7 6 4 2 6 0 5 4 2 0 1 3 2 2 1 3 0 7 6 2 4 0 5 7 7 2 0 4 0 5 4 2 2 5 2 2 3 4 6 5 6 5 2 4 0 1 0 7 3 5 7 1 1 7 7 0 1 7 6 6 3 3 6 5 6 3 5 3 4 1 0 3 3 5 2 1 0 5 2 2 6 2 1 0 5 3 7 6 3 4 5 
2014-11-07 Fri 18:50:50, DSJC250.1.col, HEA(PS=1|GC=1|IC=10000000|TB=0), 1415357450, 0.097, 29292, 0, 0, 0 5 0 5 4 1 4 6 0 0 3 3 3 1 0 7 6 1 3 7 4 0 3 6 6 2 5 4 4 0 0 5 3 6 1 7 0 3 4 7 3 1 1 7 7 5 5 4 7 6 3 1 3 2 3 6 2 2 6 5 7 0 3 2 7 7 5 7 1 3 4 0 5 7 7 5 4 1 4 3 1 6 1 1 2 5 4 2 0 2 1 6 2 5 3 7 4 4 6 5 5 0 7 0 1 3 1 4 4 6 6 1 0 4 0 5 4 3 1 1 2 4 3 6 7 3 1 3 6 7 5 2 5 5 0 2 6 7 0 2 1 1 7 2 3 6 0 7 2 4 7 4 6 0 7 7 2 6 7 7 6 4 2 6 0 5 4 2 0 1 3 2 2 1 3 0 7 6 2 4 0 5 7 7 2 0 4 0 5 4 2 2 5 2 2 3 4 6 5 6 5 2 4 0 1 0 7 3 5 7 1 1 7 7 0 1 7 6 6 3 3 6 5 6 3 5 3 4 1 0 3 3 5 2 1 0 5 2 2 6 2 1 0 5 3 7 6 3 4 5 
2014-11-07 Fri 18:50:50, DSJC250.1.col, HEA(PS=1|GC=1|IC=10000000|TB=0), 1415357450, 0.099, 29292, 0, 0, 0 5 0 5 4 1 4 6 0 0 3 3 3 1 0 7 6 1 3 7 4 0 3 6 6 2 5 4 4 0 0 5 3 6 1 7 0 3 4 7 3 1 1 7 7 5 5 4 7 6 3 1 3 2 3 6 2 2 6 5 7 0 3 2 7 7 5 7 1 3 4 0 5 7 7 5 4 1 4 3 1 6 1 1 2 5 4 2 0 2 1 6 2 5 3 7 4 4 6 5 5 0 7 0 1 3 1 4 4 6 6 1 0 4 0 5 4 3 1 1 2 4 3 6 7 3 1 3 6 7 5 2 5 5 0 2 6 7 0 2 1 1 7 2 3 6 0 7 2 4 7 4 6 0 7 7 2 6 7 7 6 4 2 6 0 5 4 2 0 1 3 2 2 1 3 0 7 6 2 4 0 5 7 7 2 0 4 0 5 4 2 2 5 2 2 3 4 6 5 6 5 2 4 0 1 0 7 3 5 7 1 1 7 7 0 1 7 6 6 3 3 6 5 6 3 5 3 4 1 0 3 3 5 2 1 0 5 2 2 6 2 1 0 5 3 7 6 3 4 5 
2014-11-07 Fri 18:50:51, DSJC250.1.col, HEA(PS=1|GC=1|IC=10000000|TB=0), 1415357450, 0.098, 29292, 0, 0, 0 5 0 5 4 1 4 6 0 0 3 3 3 1 0 7 6 1 3 7 4 0 3 6 6 2 5 4 4 0 0 5 3 6 1 7 0 3 4 7 3 1 1 7 7 5 5 4 7 6 3 1 3 2 3 6 2 2 6 5 7 0 3 2 7 7 5 7 1 3 4 0 5 7 7 5 4 1 4 3 1 6 1 1 2 5 4 2 0 2 1 6 2 5 3 7 4 4 6 5 5 0 7 0 1 3 1 4 4 6 6 1 0 4 0 5 4 3 1 1 2 4 3 6 7 3 1 3 6 7 5 2 5 5 0 2 6 7 0 2 1 1 7 2 3 6 0 7 2 4 7 4 6 0 7 7 2 6 7 7 6 4 2 6 0 5 4 2 0 1 3 2 2 1 3 0 7 6 2 4 0 5 7 7 2 0 4 0 5 4 2 2 5 2 2 3 4 6 5 6 5 2 4 0 1 0 7 3 5 7 1 1 7 7 0 1 7 6 6 3 3 6 5 6 3 5 3 4 1 0 3 3 5 2 1 0 5 2 2 6 2 1 0 5 3 7 6 3 4 5 
2014-11-07 Fri 18:51:11, DSJC250.1.col, HEA(PS=1|GC=1|IC=10000000|TB=0), 1415357460, 10.877, 4436619, 0, 0, 2 6 6 5 1 4 0 0 3 1 5 6 7 0 3 7 1 5 7 2 0 5 5 4 4 4 1 1 1 4 5 2 6 0 3 4 6 4 3 3 2 3 5 0 1 6 4 7 4 3 5 0 2 2 4 1 2 2 3 5 4 7 1 1 7 7 5 1 3 4 6 5 7 5 4 5 1 5 5 3 2 5 4 3 6 3 2 0 0 1 4 7 5 5 4 0 1 5 4 6 2 1 3 5 1 2 2 6 0 4 6 5 3 3 6 4 0 1 3 2 7 1 5 0 6 4 3 1 7 6 0 1 5 1 0 5 5 7 7 2 0 7 4 3 2 4 3 7 2 3 7 4 7 6 0 0 3 5 5 0 7 7 7 4 1 6 1 7 7 4 1 1 3 5 2 1 3 3 1 1 1 1 7 4 2 2 1 6 4 2 2 5 2 0 1 7 1 0 4 4 0 7 6 3 3 5 7 6 4 3 3 2 2 7 7 6 6 3 7 1 2 0 5 6 0 4 2 5 3 2 0 2 5 2 3 6 5 0 2 3 1 5 7 3 7 2 2 0 2 4 
2014-11-07 Fri 18:51:14, DSJC250.1.col, HEA(PS=1|GC=1|IC=10000000|TB=0), 1415357471, 3.29, 1355023, 0, 0, 3 1 2 3 3 0 1 4 0 7 0 3 5 4 7 5 7 0 2 6 7 3 4 1 2 3 0 4 7 2 4 3 1 7 7 3 2 2 1 1 4 5 3 0 1 6 0 4 2 7 3 3 1 3 4 1 7 5 7 6 0 1 2 7 5 7 3 5 5 2 2 5 2 0 3 6 6 3 4 6 7 3 4 0 5 1 4 4 2 0 6 1 6 5 1 4 4 3 6 6 6 6 7 4 7 7 6 2 7 1 1 1 1 0 3 6 6 4 0 0 1 7 5 4 5 0 7 3 2 6 6 7 6 0 4 0 6 5 0 6 4 0 0 2 6 3 7 1 7 0 5 3 5 0 3 3 5 1 3 5 5 7 4 6 2 2 7 1 7 6 1 2 1 0 1 3 7 3 3 4 4 2 5 5 1 4 4 3 6 4 7 6 1 4 7 5 7 5 4 2 5 1 0 4 3 3 2 6 6 0 5 6 3 5 3 5 3 2 1 1 4 4 3 1 7 3 2 2 5 4 2 3 6 5 4 7 6 2 1 1 1 0 6 4 1 3 6 1 7 2 
2014-11-07 Fri 18:51:15, DSJC250.1.col, HEA(PS=1|GC=1|IC=10000000|TB=0), 1415357474, 0.438, 162693, 0, 0, 4 1 4 4 7 7 0 2 5 1 0 3 7 1 7 6 4 3 0 0 2 0 7 6 4 1 4 2 2 7 7 0 6 1 4 6 2 5 3 3 6 6 4 7 6 3 1 5 6 1 0 3 5 1 0 3 5 5 3 0 6 5 1 7 5 0 1 1 5 5 1 5 5 0 5 2 5 6 0 7 4 6 3 5 1 1 2 3 2 1 4 1 2 0 4 6 2 7 2 1 3 5 6 0 3 7 3 0 6 2 3 6 6 2 6 3 1 0 3 0 5 1 6 2 6 7 3 7 6 1 7 2 0 5 3 2 3 6 0 1 3 6 2 1 3 4 3 4 3 7 0 7 6 1 1 1 5 0 6 6 4 4 4 6 1 7 5 0 4 4 7 1 5 7 7 5 6 1 1 4 2 2 6 2 1 2 2 0 7 1 0 5 5 3 3 5 4 2 4 2 4 5 1 0 6 4 2 7 6 5 3 2 6 6 5 3 1 2 5 5 3 1 4 5 7 7 0 2 6 4 7 4 7 1 3 3 0 1 0 4 1 3 0 3 3 1 2 0 3 1 
2014-11-07 Fri 18:51:40, DSJC250.1.col, HEA(PS=1|GC=1|IC=10000000|TB=0), 1415357475, 25.341, 10000000, 1, 1, 2 5 2 2 2 4 4 1 7 6 4 2 4 3 4 6 1 1 4 0 0 7 4 3 2 6 3 0 0 4 4 2 6 5 5 1 6 0 7 5 4 7 5 4 6 6 7 1 6 0 2 5 1 2 7 3 5 7 5 3 4 6 0 4 0 0 6 0 7 7 0 7 6 6 2 3 3 2 0 5 0 2 7 1 6 3 2 5 1 4 7 6 0 1 3 5 5 2 1 3 5 0 0 7 1 0 3 1 1 1 6 3 7 5 6 3 0 3 7 3 3 2 1 1 6 4 5 7 6 6 3 5 7 4 7 1 3 7 6 3 6 3 5 0 7 2 3 7 4 4 7 2 1 6 2 5 7 3 2 5 5 4 4 6 6 6 0 7 7 4 4 3 5 0 2 2 5 0 2 2 0 4 2 7 0 0 2 2 4 1 0 7 0 3 3 4 0 1 3 7 4 5 0 4 2 2 0 0 6 5 3 7 2 5 4 7 2 7 1 1 3 1 2 6 0 3 7 1 7 2 4 2 3 5 5 1 1 7 6 5 0 6 3 3 5 0 6 4 0 6 
2014-11-07 Fri 19:04:13, DSJC500.5.col, HEA(PS=1|GC=1|IC=10000000|TB=0), 1415357881, 371.646, 10000000, 1, 50, (49)42 2 14 27 41 10 9 39 7 27 45 31 0 28 15 13 5 3 6 16 25 3 37 9 18 31 31 32 12 11 8 18 19 11 5 22 38 14 16 40 1 43 28 44 25 41 26 29 44 24 35 39 42 29 17 30 16 9 10 13 25 2 42 40 36 4 36 39 5 0 11 22 27 2 11 39 25 40 9 38 34 36 20 14 11 17 16 32 42 6 43 21 2 35 0 8 1 38 48 43 11 24 15 48 23 27 16 6 29 35 24 31 10 47 9 29 20 30 0 48 6 21 7 16 26 46 6 41 47 15 40 8 4 37 31 17 30 32 3 26 25 44 16 30 20 40 38 10 48 31 28 22 36 10 47 37 15 27 18 46 34 48 31 34 0 45 41 33 5 24 9 7 36 24 20 47 33 19 17 9 46 32 37 43 45 8 20 5 35 34 10 40 7 21 37 48 12 7 36 25 37 18 33 29 47 47 36 13 3 44 17 7 38 14 47 25 2 40 11 20 21 30 0 33 8 43 6 42 19 46 41 0 28 1 33 33 43 5 12 17 45 40 46 44 5 39 18 15 4 14 42 46 16 42 1 18 33 30 32 8 39 23 23 41 38 19 43 45 27 22 19 45 48 13 39 43 42 10 23 17 35 17 3 35 23 48 14 6 8 4 25 6 35 41 46 28 26 22 18 4 15 38 16 39 0 36 20 28 2 40 23 26 47 44 2 13 13 12 41 18 9 19 41 24 43 33 32 4 2 26 17 26 39 20 42 1 8 24 9 15 16 22 1 15 35 12 13 14 34 1 13 45 5 45 39 45 14 3 0 7 8 29 24 18 28 1 40 3 27 24 29 10 32 18 30 10 46 43 8 28 6 7 48 11 10 4 7 21 0 12 32 24 46 19 44 25 45 20 37 33 21 12 45 15 23 4 18 29 4 44 35 48 26 2 3 40 21 15 23 9 2 12 22 27 32 13 19 38 36 26 34 47 26 21 22 18 32 34 11 1 27 22 44 25 14 47 6 34 30 48 46 34 37 31 29 30 0 35 36 8 4 13 31 30 31 4 1 38 3 5 21 9 32 19 17 20 37 25 0 41 37 28 7 28 21 46 46 48 11 3 23 33 22 5 6 27 20 35 12 33 
2014-11-07 Fri 19:09:24, DSJC500.5.col, HEA(PS=1|GC=1|IC=10000000|TB=0), 1415358253, 310.862, 10000000, 1, 43, (49)19 25 37 13 38 15 47 41 16 14 11 10 43 30 24 28 2 4 8 44 11 39 6 42 29 24 10 28 19 6 36 33 42 31 14 43 27 3 18 3 43 27 13 34 41 48 9 23 20 5 48 13 8 4 26 15 12 34 32 21 0 22 16 48 43 21 48 23 26 38 20 29 18 0 7 41 34 35 11 22 21 31 16 45 14 15 10 6 36 0 4 44 18 48 16 9 45 42 46 18 32 47 45 32 42 18 18 36 0 1 34 20 15 33 17 24 16 9 38 27 16 3 30 9 5 19 1 0 14 47 40 20 36 30 10 28 6 21 35 9 45 32 18 27 23 3 20 40 1 10 35 29 13 15 17 42 2 31 20 12 21 28 14 17 13 8 39 36 2 28 32 1 22 38 11 30 30 35 28 12 4 28 1 4 40 16 30 25 34 44 45 23 32 29 32 46 37 4 2 14 15 31 41 37 32 11 26 23 5 39 19 14 39 36 40 0 5 17 5 17 22 40 2 12 12 27 43 7 16 12 34 19 22 1 21 17 28 8 30 29 30 18 27 33 27 37 31 29 20 14 11 17 19 42 15 33 32 17 3 43 21 3 14 42 39 33 9 0 23 47 37 4 37 8 36 31 33 45 13 27 48 39 37 39 29 33 28 43 13 31 16 41 1 11 2 48 40 17 25 19 46 19 12 39 15 36 46 8 45 22 43 40 6 22 1 9 38 27 10 2 31 21 1 25 10 28 28 11 6 35 25 27 42 29 46 8 5 7 31 17 9 24 47 21 43 5 5 41 12 36 6 2 44 19 36 35 45 2 14 30 37 17 11 26 4 26 6 26 19 0 5 20 34 7 40 40 4 4 37 13 46 7 12 7 25 8 33 0 39 8 3 47 25 44 29 34 23 48 15 39 47 5 23 29 22 9 15 4 11 46 31 7 38 20 3 3 24 46 22 24 5 22 32 18 33 13 19 3 48 27 41 6 38 24 47 7 33 42 14 45 18 47 23 5 35 6 43 17 40 44 4 2 25 10 24 36 30 1 23 37 46 38 40 37 10 13 34 46 35 44 48 34 47 38 44 44 30 44 35 41 47 26 9 21 11 42 10 3 43 26 7 26 36 48 44 24 16 25 10 41 
2014-11-07 Fri 19:15:35, DSJC500.5.col, HEA(PS=1|GC=1|IC=10000000|TB=0), 1415358564, 371.066, 10000000, 1, 51, (49)5 37 40 7 7 11 24 8 21 8 42 12 43 36 18 4 15 36 5 8 45 28 24 48 2 23 35 14 25 16 3 19 47 3 28 42 22 48 47 22 11 18 37 27 40 26 9 36 34 33 43 7 10 16 33 18 1 6 20 44 28 20 21 24 15 0 26 22 44 15 4 12 47 28 10 35 3 33 44 16 11 0 9 38 39 23 32 40 26 28 13 7 31 43 21 9 16 23 6 3 23 41 2 24 35 32 29 36 4 43 1 11 5 21 33 39 38 17 16 27 0 21 47 25 40 30 31 32 20 39 38 17 26 31 23 1 17 14 32 36 46 3 3 27 27 48 23 42 6 26 15 8 3 16 48 14 30 41 34 39 39 29 26 19 25 29 19 37 0 37 45 19 3 38 7 1 41 48 28 8 30 12 10 13 26 39 21 33 36 30 17 48 0 2 4 6 45 38 30 40 46 31 37 46 20 47 24 44 28 31 5 3 19 26 18 7 38 45 22 30 40 43 10 23 9 27 11 10 32 6 42 6 4 6 7 0 33 43 25 42 25 42 24 27 31 35 13 35 34 8 42 11 20 4 34 32 37 19 19 34 30 10 44 43 36 9 18 35 0 48 21 26 34 15 17 7 18 22 10 8 13 5 37 13 3 45 29 28 5 8 20 28 39 21 12 24 40 46 12 29 16 13 1 18 27 18 42 5 7 3 48 46 9 26 5 47 13 24 16 31 4 4 32 32 12 41 14 30 29 41 33 18 22 12 16 6 38 39 0 16 27 32 37 44 22 41 16 15 45 11 4 1 47 2 43 2 22 1 25 24 9 28 1 40 13 4 32 47 22 10 23 34 25 14 14 35 33 18 11 10 15 2 45 2 12 20 43 46 33 25 6 5 11 30 3 1 2 14 35 20 7 19 20 42 15 17 38 34 46 48 8 9 19 36 5 45 20 37 46 48 21 2 18 36 45 0 24 19 34 43 40 15 31 2 18 47 8 33 8 35 34 36 31 6 45 9 39 2 17 1 31 10 0 12 15 17 19 36 41 21 21 37 17 23 13 12 27 13 44 29 25 27 41 9 44 42 47 10 27 37 4 6 14 22 30 46 12 45 38 44 40 29 20 14 33 30 39 43 12 4 
2014-11-07 Fri 19:21:27, DSJC500.5.col, HEA(PS=1|GC=1|IC=10000000|TB=0), 1415358935, 351.333, 10000000, 1, 48, (49)22 36 37 21 28 24 8 18 41 21 38 6 18 11 41 48 5 32 45 2 48 37 25 21 31 0 33 46 44 8 30 25 12 47 43 38 26 17 4 8 46 41 17 10 11 19 3 43 11 30 26 35 31 29 23 21 6 44 40 36 2 25 13 14 5 45 19 22 27 19 21 0 12 38 44 0 10 29 22 4 1 16 44 4 19 21 33 22 6 5 48 4 27 47 48 30 4 25 22 34 40 14 43 10 27 31 39 6 34 9 30 16 9 43 22 2 44 29 13 17 16 14 25 11 14 21 27 21 43 15 18 35 32 38 33 12 15 9 46 22 22 45 27 15 9 20 47 3 45 28 5 23 36 7 31 26 37 42 35 19 46 14 2 45 48 6 13 30 36 44 25 12 19 24 24 44 34 17 27 39 18 33 24 15 40 18 39 15 31 21 3 7 37 17 33 31 12 8 34 28 10 27 36 35 24 16 10 36 2 32 46 16 13 42 11 42 14 31 8 13 4 13 17 30 14 38 5 47 44 30 47 19 4 20 42 25 12 3 14 38 47 16 29 6 33 0 26 36 16 18 45 32 47 17 3 47 34 13 10 12 22 28 48 48 31 16 29 0 12 8 35 23 27 29 17 21 7 14 24 23 26 16 38 47 27 24 19 5 12 35 32 7 29 39 1 20 32 22 11 45 2 21 3 0 10 41 13 41 23 18 5 34 11 6 38 25 48 34 40 7 30 26 20 28 33 18 24 33 23 46 42 48 0 13 45 45 8 23 28 8 40 28 20 39 47 14 10 9 35 0 7 38 47 1 0 40 18 1 37 16 35 2 23 32 20 8 20 6 45 37 8 14 16 37 40 40 38 24 46 12 27 43 1 40 1 46 9 31 13 0 43 44 13 39 1 44 43 42 9 2 46 15 48 3 37 10 42 12 46 42 30 47 28 23 15 41 2 39 17 20 42 14 22 43 7 37 34 7 26 29 48 35 9 5 41 8 6 43 26 20 4 4 32 9 6 1 5 40 27 44 30 19 38 1 5 41 37 43 41 35 35 9 4 11 33 7 11 28 39 15 19 40 32 42 39 13 4 44 26 7 3 10 3 28 36 25 18 42 8 15 46 36 41 25 24 5 23 15 7 34 
2014-11-07 Fri 19:34:24, DSJC500.1.col, HEA(PS=1|GC=1|IC=10000000|TB=0), 1415360030, 34.664, 10000000, 1, 1, (12)8 3 5 2 7 7 6 7 8 6 2 0 1 11 0 1 3 6 9 5 5 6 9 6 9 11 7 4 11 4 2 4 5 10 3 11 4 10 0 2 6 1 8 5 8 4 1 4 0 0 11 3 8 5 5 9 3 6 8 7 0 3 7 10 3 8 8 10 4 1 9 11 6 4 3 11 2 1 6 10 4 8 2 10 7 10 3 11 0 1 11 5 7 2 10 5 1 3 0 11 11 2 4 7 11 2 7 0 4 10 9 1 9 8 1 3 5 1 2 6 1 7 8 11 0 0 6 6 4 7 10 2 2 6 7 11 5 2 9 6 2 0 5 4 6 9 11 7 0 3 3 3 5 3 11 8 4 4 3 7 5 5 7 5 5 5 9 9 0 5 0 7 6 7 9 10 4 7 9 9 0 4 7 3 9 11 11 3 9 9 3 8 3 9 10 4 1 10 8 8 3 7 8 4 1 9 8 8 10 4 11 9 11 0 7 1 10 0 1 3 4 4 2 10 7 0 11 2 11 5 1 4 1 6 10 3 1 2 5 4 6 4 5 9 5 9 1 6 1 7 6 11 9 8 0 4 7 6 7 11 9 2 9 7 10 0 3 2 5 4 1 9 6 7 3 7 1 10 2 9 8 4 0 6 11 0 11 8 3 6 5 7 8 10 4 11 8 7 6 8 2 10 9 3 10 7 3 8 2 8 2 4 7 7 5 10 7 3 7 8 4 1 0 9 2 4 9 6 11 0 5 6 9 11 5 8 5 1 2 0 1 0 10 6 0 11 9 0 6 11 10 5 6 10 7 3 4 3 6 9 8 6 9 1 3 3 7 11 8 1 3 4 8 4 11 10 7 3 10 3 2 7 6 9 9 9 8 2 1 0 6 3 6 5 10 0 0 2 0 3 7 5 10 3 8 9 0 2 10 2 10 9 8 9 11 4 5 9 10 1 2 6 10 5 0 0 0 5 6 7 8 2 5 5 11 5 10 9 3 5 10 5 4 4 0 7 3 7 1 10 8 11 10 3 1 7 10 8 8 11 10 8 8 7 9 3 5 5 5 8 4 1 11 0 10 9 10 8 11 4 6 5 7 4 8 11 1 4 2 4 0 9 2 3 2 5 1 2 11 0 
2014-11-07 Fri 19:34:58, DSJC500.1.col, HEA(PS=1|GC=1|IC=10000000|TB=0), 1415360064, 33.072, 10000000, 1, 1, (12)3 8 7 2 11 0 9 4 10 2 8 1 2 4 6 5 4 1 10 0 5 9 5 6 1 6 6 9 10 10 2 6 7 0 1 0 11 8 0 8 7 9 0 10 4 10 4 1 11 5 4 7 1 4 2 0 2 2 0 6 10 9 9 6 10 1 8 11 4 1 5 11 0 9 9 4 5 5 5 0 7 11 1 2 3 6 9 3 7 3 7 7 11 11 5 11 5 9 10 8 5 1 6 3 8 11 11 3 4 11 1 0 3 8 5 10 4 0 9 3 11 2 0 0 1 4 2 7 9 7 7 6 2 0 9 4 0 3 8 3 6 3 9 9 7 2 1 5 2 9 4 11 5 4 10 5 6 10 8 2 11 4 4 9 8 9 8 6 3 10 9 0 10 11 0 3 1 7 9 1 2 3 7 8 7 1 3 5 9 3 7 0 5 5 5 6 1 10 7 1 9 8 2 2 5 6 6 0 6 2 8 2 7 0 4 11 2 9 0 1 10 1 9 2 8 11 9 7 8 5 1 2 8 10 7 0 1 0 4 1 5 8 0 6 2 1 5 1 5 4 1 0 8 4 6 10 11 6 2 7 11 0 11 9 9 7 7 8 10 7 11 1 1 4 8 2 0 6 8 2 2 1 9 4 11 3 8 1 11 4 6 10 4 3 10 4 0 8 6 4 7 9 9 9 3 3 10 0 6 0 7 10 3 2 0 6 10 8 5 0 1 5 10 7 7 0 6 10 3 8 2 1 0 9 6 8 1 0 2 3 10 2 8 6 5 3 6 10 0 8 10 5 6 3 11 11 11 2 11 8 3 5 9 11 4 5 10 9 3 4 7 2 7 1 11 4 6 11 9 7 2 3 4 9 5 0 4 6 5 3 2 9 2 0 4 1 8 11 11 3 3 7 5 11 6 2 3 8 3 6 5 0 0 10 3 2 7 9 4 0 8 5 6 6 5 9 11 1 7 8 0 7 1 7 10 0 10 6 1 4 9 1 10 10 2 10 5 0 11 3 6 11 6 2 0 3 5 8 11 4 3 4 6 1 9 11 9 5 10 5 1 9 11 10 6 4 3 0 1 0 5 9 11 2 11 5 7 1 7 11 8 8 8 7 9 9 5 10 7 10 
2014-11-07 Fri 19:35:11, DSJC500.1.col, HEA(PS=1|GC=1|IC=10000000|TB=0), 1415360098, 13.902, 4067090, 0, 0, (12)10 9 8 8 8 6 4 2 11 1 9 4 4 10 1 3 2 2 8 0 8 6 3 4 11 1 4 6 11 5 3 1 6 6 1 8 0 9 2 5 7 2 5 9 3 3 10 4 4 10 10 2 11 1 5 11 5 4 3 3 7 10 2 10 3 1 5 2 5 9 2 8 4 4 10 10 8 7 6 4 10 4 6 2 2 3 5 6 3 8 3 6 4 4 2 6 2 2 5 2 11 0 1 5 9 6 1 2 1 8 6 0 1 2 8 5 7 0 5 3 6 4 8 7 1 9 4 0 1 11 11 1 8 4 4 9 0 7 4 8 5 10 3 9 4 3 4 4 4 3 1 2 8 1 7 3 1 9 2 4 4 11 10 8 5 1 2 6 2 8 10 1 9 10 9 7 4 7 0 7 4 9 6 2 6 10 6 3 11 7 6 5 11 11 8 5 3 9 11 9 2 2 0 3 11 6 7 8 1 5 10 8 4 0 2 11 7 10 8 10 7 9 1 6 10 8 0 1 11 11 7 7 8 4 5 9 1 1 0 3 8 8 0 8 5 11 3 6 3 5 9 7 6 6 5 9 7 4 4 7 3 0 6 10 3 10 1 9 1 6 5 1 11 2 9 10 4 11 5 3 4 0 4 3 5 6 10 5 9 10 1 3 2 11 9 10 7 8 1 7 5 1 3 1 2 3 0 2 1 3 9 9 8 4 8 11 3 6 5 5 4 9 7 3 1 6 6 9 5 7 6 6 6 0 4 5 6 0 9 5 9 4 11 10 11 8 1 8 3 11 2 0 0 1 4 8 9 5 0 0 9 0 1 4 11 6 4 10 7 0 11 10 0 5 10 7 4 10 0 10 8 5 5 7 3 11 1 6 2 10 8 6 4 10 11 6 8 6 6 10 8 9 6 8 3 2 8 9 2 7 7 10 5 7 10 7 8 4 1 9 1 9 9 1 7 5 7 1 8 2 7 3 11 3 5 4 2 6 5 0 0 9 9 11 10 7 11 3 4 0 1 8 11 6 10 5 10 1 3 7 7 5 7 3 0 0 1 11 8 7 9 1 0 7 11 3 10 0 0 7 2 0 6 1 11 3 7 3 8 9 2 6 1 3 1 0 0 0 11 5 
2014-11-07 Fri 19:35:19, DSJC500.1.col, HEA(PS=1|GC=1|IC=10000000|TB=0), 1415360111, 7.865, 2326722, 0, 0, (12)6 0 1 10 9 1 3 4 8 6 1 11 6 11 5 5 9 11 6 11 9 11 9 11 1 2 3 1 7 8 9 5 1 10 8 3 10 2 10 0 10 5 6 1 1 4 0 6 7 11 0 5 3 2 4 0 10 7 10 6 8 0 8 5 7 11 0 5 4 1 8 8 8 7 9 8 11 8 9 3 9 2 7 7 9 9 7 6 8 7 6 9 3 3 9 1 10 5 6 0 3 0 1 4 8 7 8 5 3 8 1 10 5 9 9 8 0 5 5 8 1 3 4 2 9 5 11 0 7 6 3 0 7 4 11 0 4 6 2 10 11 7 4 8 8 2 0 6 1 7 7 0 1 7 10 6 11 4 6 8 1 4 6 1 5 5 8 3 6 2 10 5 6 3 10 2 7 11 10 2 7 2 9 5 11 8 11 6 9 10 8 10 4 10 11 10 1 5 8 5 1 0 10 1 9 2 6 10 2 0 3 2 7 10 5 1 10 5 10 4 4 7 1 7 3 5 10 3 3 9 7 11 1 2 5 7 9 8 9 11 2 9 10 9 1 9 5 8 6 11 2 4 9 9 6 8 6 0 11 8 8 10 4 0 3 7 2 0 7 11 6 8 11 5 2 6 1 2 1 2 6 5 1 7 3 1 4 4 1 0 4 4 10 3 8 2 8 2 0 0 6 9 9 5 4 11 10 8 6 7 8 2 6 7 1 10 6 4 6 10 0 6 8 1 11 6 9 0 9 6 2 5 5 3 3 1 11 10 11 8 8 6 9 4 6 6 2 10 3 9 3 1 10 10 1 9 4 4 10 9 4 10 10 7 0 9 9 11 10 10 9 7 10 2 2 11 1 5 10 7 11 9 6 10 9 10 0 11 5 2 7 1 3 2 7 3 3 0 8 2 6 3 9 5 3 9 1 7 2 3 11 9 2 4 0 7 3 11 2 5 2 0 4 2 5 1 8 2 6 1 10 7 11 11 0 0 5 2 1 10 0 11 6 9 3 3 0 10 3 11 2 0 3 7 6 4 6 7 3 4 11 6 0 11 8 4 10 5 11 3 2 0 0 4 3 0 5 10 4 10 5 10 4 8 0 0 6 7 11 7 5 4 1 1 5 4 9 3 9 4 
2014-11-07 Fri 19:38:43, DSJC500.1.col, HEA(PS=1|GC=1|IC=40000000|TB=0), 1415360278, 44.203, 12929581, 0, 0, (12)4 10 5 2 1 1 7 10 6 9 6 11 2 2 6 5 10 5 6 9 9 9 8 2 7 10 6 11 6 5 8 5 1 1 0 5 7 10 0 11 9 3 4 11 11 7 10 3 6 6 8 5 7 9 5 0 7 11 0 0 8 3 2 7 3 1 6 4 4 11 5 4 11 3 10 4 6 5 1 9 1 4 3 4 8 1 1 7 3 4 0 7 5 6 9 5 6 10 5 0 11 6 1 7 11 0 2 5 10 2 11 6 0 11 1 10 8 0 6 3 9 11 6 0 1 2 2 3 4 7 11 6 2 10 4 2 9 4 4 2 6 5 0 4 0 8 3 3 8 1 2 10 9 4 7 0 8 10 4 11 9 2 4 4 4 6 7 6 1 4 7 10 9 5 9 9 4 6 7 9 8 2 1 2 1 3 1 10 6 1 7 0 10 1 4 6 9 10 0 11 5 11 0 2 7 3 11 0 9 6 2 5 2 9 5 11 5 9 0 7 8 4 1 8 7 5 1 3 5 0 3 5 10 8 10 10 9 6 0 3 10 1 0 7 10 1 8 1 3 2 10 11 1 8 6 3 0 2 1 7 7 6 1 8 0 7 1 3 3 5 10 3 3 0 11 8 11 0 3 7 11 9 9 8 6 1 4 11 10 2 7 8 2 0 5 11 0 4 11 4 4 3 9 9 1 1 8 0 6 4 8 9 2 10 11 7 3 2 7 9 3 9 7 7 2 4 9 8 2 10 0 3 0 6 9 10 9 9 4 8 3 10 1 2 3 2 1 6 2 7 10 7 0 0 10 0 5 2 0 1 7 0 7 5 11 1 8 3 3 9 7 11 0 4 8 4 7 1 1 3 4 2 3 7 0 0 3 9 0 1 4 9 5 4 5 3 6 7 6 8 5 0 8 10 8 8 5 5 8 6 1 8 4 2 8 8 5 4 11 9 2 8 7 6 5 10 8 8 3 10 11 5 3 9 3 2 1 7 7 5 6 6 10 3 0 5 8 0 3 9 9 0 10 1 4 0 11 4 0 7 8 4 6 5 11 7 0 2 4 5 2 6 10 6 0 8 11 4 10 5 9 0 10 7 8 2 5 3 4 11 10 1 6 0 7 9 9 6 0 2 
2014-11-07 Fri 19:39:05, DSJC500.1.col, HEA(PS=1|GC=1|IC=40000000|TB=0), 1415360323, 22.099, 6498269, 0, 0, (12)2 6 0 9 5 11 1 7 2 10 7 8 3 8 2 8 0 10 0 0 11 10 2 8 5 4 8 0 5 10 3 6 9 9 9 7 9 11 9 0 8 3 2 5 5 10 3 7 1 8 4 11 4 0 5 1 9 3 9 9 3 7 0 11 6 10 5 1 4 4 2 10 3 10 8 1 1 5 10 1 0 7 4 2 5 11 1 1 2 6 5 4 1 11 10 2 2 6 0 9 5 8 8 3 7 9 3 6 10 3 8 1 9 1 5 10 5 11 0 3 10 6 8 11 8 7 4 4 3 5 11 4 5 6 7 7 11 2 4 9 1 0 9 7 9 4 6 10 2 10 0 1 5 6 4 9 10 7 5 3 6 0 0 11 11 11 2 5 2 4 1 7 4 6 8 6 2 8 11 7 3 4 11 8 0 11 1 2 1 2 2 9 7 1 0 6 2 7 3 1 10 1 9 10 9 7 3 2 4 4 7 4 1 5 8 1 3 7 9 11 7 4 3 2 11 11 11 6 1 11 1 5 2 1 0 0 8 3 9 10 7 8 9 5 7 7 8 2 2 8 4 6 7 5 5 3 9 4 8 0 7 1 1 8 9 0 11 7 0 8 3 0 4 9 7 8 3 5 3 5 1 4 6 10 1 3 4 2 4 8 11 8 0 9 4 4 3 11 3 1 8 1 5 5 11 2 11 1 5 1 0 11 2 10 8 1 3 8 0 11 4 3 10 9 0 2 10 3 0 0 9 2 7 1 0 8 8 1 7 3 3 6 10 4 2 4 1 9 8 6 8 5 9 9 6 9 8 2 9 11 7 9 6 8 2 6 10 0 9 1 0 0 9 11 4 7 11 6 1 6 8 8 3 3 9 9 9 5 0 11 3 6 8 11 4 10 5 0 3 4 2 10 5 6 5 8 10 2 7 5 6 11 7 3 4 3 11 1 4 6 7 5 7 11 7 7 3 4 10 10 5 0 8 11 3 4 6 11 10 0 1 10 3 10 9 10 10 9 3 0 4 9 1 6 2 9 2 1 5 5 8 3 4 4 10 6 9 7 6 0 5 1 1 11 8 8 7 1 11 7 2 9 0 3 3 9 4 7 3 6 7 5 5 9 7 1 4 1 9 7 
2014-11-07 Fri 19:40:09, DSJC500.1.col, HEA(PS=1|GC=1|IC=40000000|TB=0), 1415360345, 64.193, 19327472, 0, 0, (12)6 1 3 10 5 5 3 2 7 10 8 6 2 1 10 0 4 10 0 3 9 6 0 2 5 11 8 7 6 0 0 0 9 9 5 9 5 11 1 8 2 0 10 0 7 0 1 11 0 9 4 4 2 1 10 8 2 7 3 6 7 3 10 7 7 8 8 1 5 7 5 4 9 0 3 4 3 11 0 9 8 4 7 10 1 7 4 7 5 7 4 6 9 0 0 5 2 3 0 8 6 3 5 1 3 5 1 2 11 1 2 4 4 8 1 5 1 10 2 2 5 2 5 1 8 10 11 3 0 10 11 3 10 11 9 8 6 11 9 6 4 2 6 11 2 3 8 9 7 3 4 3 8 3 11 9 0 0 2 9 1 6 8 6 8 3 2 5 0 3 10 1 11 1 11 11 2 11 6 2 10 0 8 8 11 7 2 11 4 0 0 6 5 7 11 8 1 6 2 7 6 8 10 5 8 2 11 6 9 4 1 10 7 1 5 3 2 0 10 1 11 7 10 11 11 0 6 4 4 5 7 0 1 2 0 5 8 5 6 0 0 0 1 2 1 6 1 6 3 8 10 9 8 8 5 11 1 8 3 7 10 1 3 1 2 2 3 9 0 11 7 3 3 5 8 1 7 9 9 10 10 0 7 0 9 5 3 5 1 6 4 7 5 5 0 2 10 9 8 3 6 7 7 10 7 2 10 9 10 1 4 7 10 5 1 0 11 9 10 8 7 1 9 2 0 4 9 5 4 11 9 2 9 7 7 10 6 7 10 7 7 10 11 4 6 10 8 5 9 10 11 5 5 10 11 11 0 2 9 0 11 9 11 4 5 11 0 11 2 5 3 0 5 11 1 4 3 0 3 2 10 6 11 10 5 6 8 9 7 4 11 4 2 1 8 9 8 5 9 3 6 10 7 7 10 3 6 7 0 4 11 4 9 2 8 0 10 9 6 1 8 7 7 3 8 3 9 4 2 9 2 4 6 4 7 4 5 6 5 6 8 4 11 11 8 2 1 8 6 10 4 10 3 10 1 0 8 9 11 2 6 6 3 11 5 5 3 6 0 11 11 3 1 4 6 3 0 2 7 0 2 10 5 0 6 4 4 11 6 6 4 8 6 1 8 7 7 4 6 5 
2014-11-07 Fri 19:40:47, DSJC500.1.col, HEA(PS=1|GC=1|IC=40000000|TB=0), 1415360409, 37.507, 11248963, 0, 0, (12)3 11 7 1 1 3 5 9 3 5 1 2 7 9 5 9 8 9 0 9 2 0 2 5 3 10 11 1 0 4 8 2 3 0 3 8 10 6 10 8 7 2 3 6 7 4 11 5 2 0 8 11 0 4 9 11 3 5 0 1 1 9 6 1 5 5 10 8 10 0 11 4 4 9 1 1 4 1 2 10 7 7 1 6 5 8 7 8 5 1 8 3 0 10 4 8 2 2 0 6 8 6 1 3 2 3 6 11 7 4 3 4 2 10 1 3 1 0 9 8 10 6 0 1 11 2 6 6 5 9 11 11 1 11 5 8 10 8 0 3 10 7 9 9 7 6 0 5 5 5 4 4 0 1 4 4 5 8 9 6 2 4 5 6 4 2 6 0 1 7 7 11 3 8 2 7 9 5 1 2 1 0 2 8 5 8 8 11 2 3 7 3 11 1 7 0 11 11 4 0 0 0 9 8 2 3 6 3 2 6 6 8 5 1 9 8 7 8 9 6 4 1 7 1 7 2 2 5 5 0 5 10 3 5 7 5 2 4 7 9 2 7 6 2 10 8 11 10 1 9 10 3 2 11 7 7 10 0 9 7 7 6 3 10 4 5 1 6 5 0 11 7 0 7 0 10 1 2 9 5 0 10 1 9 2 7 7 4 0 3 6 6 6 11 0 3 6 6 6 4 1 1 1 4 2 9 9 0 1 4 7 2 3 5 0 5 4 11 9 2 11 6 4 7 7 9 8 11 10 1 10 3 5 10 6 7 11 2 9 0 4 2 8 6 10 8 1 1 9 8 11 4 7 9 11 8 11 3 6 6 5 2 2 5 0 5 9 8 3 2 7 9 4 10 10 10 6 10 11 7 9 8 4 9 9 3 4 1 11 6 10 1 9 10 8 5 10 11 0 3 9 10 8 10 5 0 1 2 9 1 2 0 9 8 3 10 7 6 6 3 11 0 2 2 2 3 4 11 7 7 1 6 4 6 7 0 4 1 9 7 0 0 11 10 9 11 4 0 11 8 0 8 11 5 10 7 1 5 10 8 11 3 1 5 4 5 8 4 8 7 11 1 10 1 0 9 10 9 5 2 2 9 8 4 4 6 4 11 3 10 2 8 1 3 6 5 0 6 10 10 
2014-11-07 Fri 19:47:04, DSJC250.9.col, HEA(PS=1|GC=1|IC=40000000|TB=0), 1415360823, 0.745, 115254, 0, 0, (72)41 27 23 17 42 41 68 51 62 54 43 35 51 28 54 0 44 52 3 23 7 63 53 32 36 58 66 65 23 23 40 31 70 18 49 4 9 26 41 27 43 52 44 49 5 54 67 50 56 44 17 9 8 3 25 18 58 42 19 2 16 11 34 22 38 59 38 20 57 64 6 39 21 69 27 69 70 31 61 51 56 33 70 10 20 13 47 35 36 4 60 57 21 69 37 58 22 28 1 60 47 62 33 52 1 14 5 65 16 39 34 22 49 25 10 45 11 1 39 30 17 63 24 53 19 57 8 48 62 54 28 68 66 45 19 63 55 71 7 38 3 55 29 10 0 2 61 27 48 13 7 65 31 10 36 46 44 42 67 14 13 69 35 9 61 24 12 53 37 38 5 2 37 60 52 67 16 45 35 50 34 0 59 14 21 30 24 29 17 40 15 39 56 46 70 71 40 29 66 50 65 6 11 32 15 46 53 32 57 46 12 26 33 43 58 42 50 55 18 0 34 22 4 59 43 14 64 6 56 25 41 15 47 49 12 18 26 12 48 8 71 30 29 47 4 1 17 68 64 15 
2014-11-07 Fri 19:47:05, DSJC250.9.col, HEA(PS=1|GC=1|IC=40000000|TB=0), 1415360824, 0.49, 41678, 0, 0, (72)58 32 31 34 33 58 49 37 11 55 65 4 66 68 55 28 25 23 66 70 53 71 60 18 59 6 13 0 16 36 3 50 67 46 5 26 45 14 58 32 40 22 12 5 25 55 71 53 57 25 34 45 22 64 36 46 6 33 44 28 69 41 52 15 16 2 47 39 67 48 61 21 30 1 32 66 41 13 69 39 57 7 56 62 39 63 52 4 59 26 13 37 30 44 19 6 15 31 10 56 47 8 65 23 53 9 40 0 12 21 38 15 5 61 62 35 43 10 21 67 34 17 24 60 47 67 70 51 27 55 68 49 7 3 61 17 42 50 36 16 50 22 8 62 28 23 40 32 51 63 20 0 27 62 27 29 44 20 64 9 63 66 4 45 71 24 11 60 19 16 29 68 19 13 17 22 14 44 4 49 38 20 2 9 30 20 24 8 34 12 54 21 57 52 56 35 3 47 14 3 0 65 41 18 54 29 60 18 37 29 11 59 7 1 6 33 64 42 46 43 38 15 26 2 43 9 48 65 57 38 58 54 25 5 11 46 52 42 51 35 70 1 8 43 26 10 34 31 48 54 
2014-11-07 Fri 19:47:07, DSJC250.9.col, HEA(PS=1|GC=1|IC=40000000|TB=0), 1415360825, 1.699, 274862, 0, 0, (72)8 40 31 24 0 8 52 3 45 7 54 22 66 27 7 68 58 60 18 37 65 18 63 57 67 19 4 1 51 62 56 5 28 39 44 17 34 14 8 40 13 60 58 56 12 7 69 59 3 58 24 34 43 45 62 39 11 0 27 36 43 38 26 48 51 16 2 30 28 26 46 47 61 32 40 32 64 4 12 30 29 36 64 66 30 25 45 22 70 17 4 12 61 32 52 42 48 27 53 19 2 21 54 60 53 44 13 1 52 47 20 48 44 46 6 29 38 53 47 28 24 67 50 63 2 28 37 10 33 7 35 42 67 29 46 64 23 5 62 51 5 23 21 18 68 35 13 40 10 25 49 1 33 31 33 71 58 0 69 57 25 32 22 34 65 50 15 63 11 51 71 35 11 4 60 69 14 57 22 59 55 68 16 31 61 49 50 21 24 66 9 47 41 49 70 29 6 2 14 59 1 54 38 3 9 71 63 55 70 71 15 6 36 20 65 0 59 23 39 68 55 48 17 16 56 31 26 54 41 55 8 9 45 44 15 39 56 15 10 43 37 41 21 52 17 53 24 42 20 9 
2014-11-07 Fri 19:47:07, DSJC250.9.col, HEA(PS=1|GC=1|IC=40000000|TB=0), 1415360827, 0.44, 28867, 0, 0, (72)19 14 61 52 55 19 20 53 17 71 60 63 44 30 71 21 9 38 44 1 10 39 70 6 56 34 4 12 48 45 7 29 8 16 42 28 59 54 24 32 37 38 9 42 32 71 39 23 53 9 52 24 51 17 45 16 34 55 30 33 51 64 27 5 48 18 46 68 22 24 33 43 62 35 1 44 8 4 32 68 47 58 8 31 68 41 17 63 56 28 0 22 56 47 36 34 5 61 69 0 46 67 60 38 69 11 37 12 3 43 27 5 42 62 31 47 64 69 43 25 52 4 65 70 46 22 59 57 66 71 61 20 58 6 30 24 40 29 45 48 29 40 67 31 21 35 37 26 57 41 49 12 66 31 66 2 9 55 10 11 41 44 63 35 39 65 15 70 36 48 2 59 36 0 38 10 50 6 63 23 27 21 18 11 26 49 65 67 52 7 13 43 25 49 8 47 7 46 50 23 12 60 64 53 13 2 70 14 22 2 15 54 33 50 34 55 23 40 16 21 27 5 28 18 3 11 58 60 62 14 19 13 17 42 15 16 54 15 57 51 1 25 67 3 28 69 52 20 14 13 
2014-11-07 Fri 19:50:31, DSJC250.5.col, HEA(PS=1|GC=1|IC=40000000|TB=0), 1415360857, 174.288, 37972889, 0, 0, (28)8 17 12 17 25 18 4 11 8 13 22 8 20 12 23 1 10 6 5 23 11 9 21 1 12 13 1 9 25 16 17 26 16 20 23 5 10 12 10 19 3 22 21 20 23 6 20 8 16 9 12 9 15 17 26 18 25 9 11 9 18 23 5 18 8 5 6 3 0 3 13 12 2 23 4 2 8 20 4 15 8 5 16 20 9 5 22 23 26 27 20 2 0 6 25 10 15 18 18 15 10 13 13 25 15 18 18 27 9 23 27 21 15 21 17 10 14 7 19 19 17 11 23 18 26 0 24 15 4 27 21 25 1 21 21 6 9 19 6 22 5 15 3 5 13 14 14 3 10 22 7 7 0 17 23 2 26 19 22 16 16 5 19 2 14 15 8 0 14 13 6 24 21 19 25 26 23 26 2 14 1 11 27 11 20 24 14 27 10 16 3 21 3 3 22 16 26 4 11 13 16 12 27 24 21 6 11 24 5 15 10 13 27 9 20 4 12 24 7 1 9 26 24 19 0 0 17 27 4 17 6 10 15 10 8 0 3 2 2 22 22 1 13 7 24 15 24 0 6 24 
2014-11-07 Fri 19:50:32, DSJC250.5.col, HEA(PS=1|GC=1|IC=40000000|TB=0), 1415361031, 0.956, 160297, 0, 0, (28)24 12 14 14 2 27 21 8 27 25 8 13 23 3 16 19 15 10 22 16 9 5 5 19 10 25 19 18 7 10 5 19 8 23 16 22 15 27 4 4 18 9 12 5 16 24 3 27 21 21 11 21 26 0 5 11 4 24 17 0 6 16 22 6 0 22 2 4 7 13 25 8 1 16 8 20 20 23 21 26 27 22 20 23 12 22 24 16 8 19 23 14 12 24 17 15 26 27 12 26 14 25 25 12 26 14 9 12 0 16 2 15 26 2 19 11 0 21 14 13 22 13 16 6 1 15 9 26 9 4 20 7 19 1 10 6 6 18 6 20 22 26 4 22 25 14 10 17 14 4 21 14 15 15 16 13 2 19 11 20 11 22 8 10 24 26 24 0 0 25 20 3 9 7 17 18 16 1 6 0 27 17 4 9 23 1 0 12 3 5 18 3 5 13 24 13 1 21 17 25 2 7 20 11 5 9 10 11 1 26 4 25 4 27 11 20 8 2 3 19 0 8 2 3 17 7 11 3 10 7 9 15 26 15 27 18 6 2 10 9 5 27 25 24 1 26 15 7 21 19 
2014-11-07 Fri 19:53:30, DSJC250.5.col, HEA(PS=1|GC=1|IC=40000000|TB=0), 1415361032, 177.357, 39018881, 0, 0, (28)25 10 20 27 25 7 26 22 12 19 2 9 15 9 23 15 3 7 15 23 21 13 0 5 7 19 17 12 25 11 27 22 20 13 23 9 3 24 4 4 20 22 12 3 23 7 8 8 26 26 1 26 14 27 27 1 4 13 18 11 13 23 16 8 0 5 24 4 18 6 19 9 17 23 15 10 20 13 25 14 18 25 26 8 16 12 18 23 15 22 17 17 10 7 11 17 14 21 12 14 2 19 19 10 14 20 25 12 6 23 2 11 14 5 22 1 2 26 0 21 18 21 23 8 27 0 24 14 16 4 5 10 3 7 7 21 13 0 5 21 26 3 4 20 19 11 15 6 3 4 26 7 3 11 23 6 27 22 1 24 8 26 21 18 12 14 18 0 20 19 5 2 1 18 0 27 23 10 8 6 21 1 4 16 15 17 9 10 2 24 6 8 11 6 5 6 8 6 11 19 24 16 27 1 24 16 18 1 5 14 4 19 4 16 1 13 11 25 2 9 16 24 2 15 21 0 16 22 25 18 7 21 14 5 20 0 5 25 9 13 3 24 19 20 17 14 11 0 26 22 
2014-11-07 Fri 19:55:18, DSJC250.5.col, HEA(PS=1|GC=1|IC=40000000|TB=0), 1415361210, 108.593, 23657085, 0, 0, (28)1 26 6 3 24 12 27 0 3 21 10 1 5 17 17 5 20 22 15 18 0 14 7 3 1 21 4 11 18 19 9 27 16 9 5 1 2 13 8 8 16 6 3 9 18 22 9 23 18 14 12 11 25 17 9 12 19 27 11 14 5 18 12 16 23 20 22 8 27 2 21 26 4 26 5 13 1 26 27 25 1 17 17 9 14 17 10 19 5 18 4 16 2 22 19 15 25 13 15 25 6 21 21 15 25 16 19 14 14 11 24 1 25 24 6 7 3 18 7 7 6 0 26 5 23 2 12 25 12 8 27 26 11 4 8 22 14 11 22 16 18 25 8 6 21 16 5 0 17 10 5 15 13 1 20 4 24 15 26 13 10 0 0 3 10 25 10 2 14 21 22 6 12 13 16 18 17 23 4 11 4 0 8 26 10 20 14 20 3 9 2 6 19 16 10 17 23 15 19 21 24 19 13 14 20 22 7 11 10 25 8 21 8 14 4 27 19 24 23 17 11 3 24 5 2 7 6 4 27 3 22 0 25 1 1 2 0 24 12 26 10 13 21 16 23 25 19 2 22 27 
2014-11-07 Fri 21:10:19, DSJC500.5.col, HEA(PS=1|GC=1|IC=80000000|TB=0), 1415365037, 781.452, 80000000, 1, 1, (49)14 42 31 41 4 12 7 43 35 17 13 13 22 38 3 35 20 48 15 28 16 34 48 19 25 34 37 32 27 24 48 25 35 36 20 9 17 31 43 11 45 21 20 28 45 2 13 32 46 31 17 28 12 41 39 12 40 7 43 8 21 11 41 33 46 8 43 6 20 26 15 1 11 26 24 2 42 37 29 28 32 18 16 9 45 24 31 41 7 15 0 45 47 33 39 41 1 6 14 44 22 35 3 33 42 47 37 36 15 0 23 26 35 25 23 25 4 7 11 24 10 21 40 7 0 13 15 2 9 3 32 15 32 39 10 23 34 6 38 47 1 5 48 12 10 31 19 12 14 44 38 21 36 24 9 39 3 6 34 13 8 16 10 25 6 36 18 37 30 23 26 11 11 26 29 23 44 16 24 33 27 46 34 34 2 20 38 19 48 30 21 27 11 41 6 20 11 1 5 45 40 25 29 15 18 18 19 21 26 47 24 9 28 20 17 15 11 12 34 23 23 29 45 21 16 42 17 13 30 8 18 14 40 5 29 12 21 33 5 10 22 42 17 33 32 36 17 3 39 14 29 45 8 41 12 42 37 9 44 46 12 46 9 34 40 39 7 2 6 31 0 43 4 21 33 39 40 33 14 17 24 44 32 0 47 14 47 46 32 43 39 24 33 2 30 48 23 35 16 1 3 28 7 1 12 22 29 14 4 43 46 35 22 28 6 3 28 5 2 42 29 17 35 7 31 29 1 1 4 27 46 22 11 48 1 14 24 39 21 36 40 35 7 3 0 27 24 27 8 32 41 22 19 13 1 34 47 34 9 18 5 15 23 48 0 27 25 37 30 37 25 46 32 2 2 43 27 44 10 6 24 8 23 13 43 8 41 0 28 2 43 7 38 36 45 20 6 5 40 44 1 34 28 3 25 38 39 6 8 46 17 16 2 11 44 48 35 3 16 5 5 0 1 42 25 30 9 28 20 33 4 4 26 46 44 3 9 19 17 25 5 10 18 26 47 41 36 19 15 1 29 30 30 45 18 44 25 17 44 42 19 10 10 36 13 19 12 28 34 27 30 29 44 22 13 38 30 26 27 2 7 20 26 33 36 27 36 4 13 38 8 19 48 15 31 23 48 35 4 41 
2014-11-07 Fri 21:23:09, DSJC500.5.col, HEA(PS=1|GC=1|IC=80000000|TB=0), 1415365819, 770.406, 79540891, 0, 0, (49)33 17 7 45 29 22 42 1 48 47 4 39 29 27 19 24 36 35 0 32 29 20 35 1 17 37 28 10 10 11 35 13 7 11 7 46 3 33 41 33 10 38 3 44 43 41 6 36 31 37 18 31 34 2 7 17 38 44 5 25 23 46 2 46 5 25 28 9 14 0 18 15 25 32 43 27 27 9 21 13 21 46 0 3 3 12 33 2 39 23 27 44 21 43 13 2 15 9 44 35 33 33 38 37 8 34 38 43 36 14 4 25 25 18 4 47 48 36 13 12 0 48 45 38 37 46 28 23 46 33 32 31 6 21 33 4 11 25 34 5 15 35 12 11 32 0 1 6 28 44 28 40 17 12 30 7 28 47 31 46 33 34 6 45 26 46 42 0 36 4 37 45 35 16 42 48 19 3 12 9 10 1 31 20 20 1 48 24 19 24 47 10 48 2 47 34 11 15 17 27 16 34 17 5 39 22 6 23 40 29 12 27 42 32 6 23 11 44 20 42 4 11 41 40 3 46 22 30 1 27 27 39 36 29 32 6 45 16 34 5 43 35 48 29 21 14 28 21 14 3 44 20 28 2 18 32 47 42 13 9 24 38 21 36 41 29 34 23 9 0 45 39 14 5 9 23 9 22 46 37 12 26 18 37 40 44 23 42 45 31 24 12 1 25 9 30 4 5 22 15 14 24 38 15 26 14 42 30 14 35 17 19 2 22 26 16 13 44 20 48 2 24 32 41 34 10 15 15 14 10 12 42 15 2 15 43 12 47 9 40 41 28 2 43 39 10 37 29 3 41 2 21 36 20 15 20 26 21 3 48 24 24 4 29 39 41 29 31 18 23 17 1 32 30 41 22 10 39 43 35 12 32 4 16 22 45 48 25 42 27 26 8 42 24 39 43 18 23 21 22 15 20 19 6 17 16 30 14 25 30 11 6 28 25 26 1 47 8 32 19 31 5 5 18 32 17 41 45 27 46 29 3 26 38 8 6 3 7 40 22 7 19 46 37 34 2 1 20 11 15 39 44 35 37 36 8 8 18 13 31 31 9 4 11 47 48 11 26 33 10 19 21 35 31 33 42 36 38 10 7 16 40 16 1 42 10 18 7 29 17 28 40 19 35 0 4 37 26 34 18 
2014-11-07 Fri 21:36:17, DSJC500.5.col, HEA(PS=1|GC=1|IC=80000000|TB=0), 1415366589, 787.19, 80000000, 1, 2, (49)33 32 17 11 37 39 42 26 34 26 13 44 46 18 10 19 1 37 29 40 5 6 15 11 8 48 3 18 45 9 0 12 31 31 47 45 12 8 27 33 30 16 24 28 14 1 27 17 43 37 12 12 7 22 17 34 35 42 16 33 6 25 1 25 5 2 3 36 4 29 4 29 38 13 11 18 32 41 13 12 32 47 29 22 26 48 23 1 7 0 13 10 25 27 6 35 44 36 28 16 24 47 11 15 32 28 33 44 14 4 0 0 9 10 43 1 34 42 26 37 34 34 39 29 47 9 44 4 9 38 35 0 7 42 33 19 19 36 18 5 2 16 38 23 21 48 0 13 28 28 38 19 24 30 35 31 22 36 28 10 15 48 21 15 36 7 35 40 22 0 4 19 46 45 22 18 9 10 17 42 20 23 18 22 20 1 31 11 44 4 27 22 28 11 36 44 17 45 9 18 39 34 22 16 18 31 3 6 48 22 35 28 14 1 26 14 20 48 7 5 5 13 11 32 47 45 30 35 0 34 43 47 43 28 10 20 41 27 40 41 40 32 14 21 23 17 8 6 9 37 23 5 40 3 20 32 10 15 8 44 4 46 1 19 13 47 45 34 36 45 10 7 3 21 9 4 45 47 47 26 14 23 17 21 30 30 25 46 17 7 6 48 44 20 2 19 0 16 28 33 40 37 42 29 15 3 13 29 13 13 30 9 46 35 36 15 21 21 29 32 3 15 43 4 23 14 48 19 9 43 41 46 48 25 2 7 37 26 34 12 39 4 42 16 18 40 31 25 8 20 9 1 31 10 27 5 22 0 26 22 2 4 46 12 37 45 19 35 33 38 45 15 6 44 15 24 33 34 15 36 27 34 0 26 23 19 39 24 44 8 15 42 1 27 30 44 36 21 39 39 48 38 6 6 24 9 21 36 27 46 16 2 16 20 23 3 24 6 12 42 31 35 16 38 30 24 37 12 7 27 11 31 25 30 33 6 26 11 26 2 43 5 42 6 17 41 48 3 39 43 20 21 34 32 41 41 29 11 21 32 28 24 32 27 23 24 16 20 33 38 41 23 31 7 33 44 31 8 25 17 42 7 39 18 6 20 5 17 30 44 18 25 16 20 8 13 1 22 14 3 
2014-11-07 Fri 21:49:20, DSJC500.5.col, HEA(PS=1|GC=1|IC=80000000|TB=0), 1415367377, 783.56, 80000000, 1, 2, (49)24 34 33 15 41 42 27 24 25 27 8 4 2 48 3 8 11 20 43 20 15 44 39 7 35 9 17 3 46 47 31 39 40 21 23 26 38 36 16 29 27 47 6 22 0 37 42 33 12 13 4 30 43 14 23 14 37 13 8 16 9 34 37 8 26 9 21 32 17 10 33 30 39 36 47 38 31 14 13 42 3 46 16 41 7 5 25 4 21 46 16 29 5 48 28 9 11 48 26 1 24 25 11 45 11 37 2 43 33 20 13 10 25 30 29 8 32 28 43 39 37 34 0 47 46 21 16 6 46 7 39 6 45 28 2 26 17 35 18 26 41 0 31 14 16 18 5 40 27 1 5 34 15 14 37 18 20 30 12 4 29 8 44 48 15 32 44 13 48 46 24 34 46 42 15 17 1 47 0 30 20 7 16 3 2 47 6 40 3 43 44 33 0 17 33 22 8 17 40 29 30 35 38 39 0 39 13 31 45 7 29 44 23 20 27 36 34 14 36 5 17 36 20 10 41 32 5 43 7 9 48 21 2 0 22 19 0 30 8 26 43 18 27 30 3 17 27 38 11 23 13 20 47 10 42 35 13 44 1 3 5 45 11 41 14 39 18 38 33 46 33 7 20 6 43 24 12 23 42 47 23 1 23 5 31 24 7 34 3 28 21 37 14 19 9 34 31 24 25 21 11 19 45 22 15 17 26 6 10 27 14 40 39 32 23 31 28 28 41 48 13 35 25 25 18 27 14 9 15 18 7 5 9 31 41 28 41 40 26 12 18 25 4 6 36 19 16 44 35 45 23 35 41 3 19 17 48 36 31 48 35 9 38 12 32 12 34 10 29 42 12 8 40 0 43 24 29 1 14 2 5 35 45 40 17 29 48 10 32 43 20 41 5 21 0 19 16 24 28 1 36 37 32 21 24 15 12 12 35 22 13 4 23 34 1 30 25 46 43 35 33 8 26 38 35 2 21 4 48 23 7 18 10 38 1 40 40 8 23 11 29 45 19 28 14 45 3 12 4 22 5 42 18 41 8 1 28 46 1 37 30 19 40 47 38 6 4 42 22 29 38 13 1 41 29 19 2 10 27 33 25 10 9 30 34 6 2 22 15 16 36 16 46 24 42 26 48 25 27 44 
2014-11-08 Sat 15:46:01, DSJC500.1.col, HEA(PS=1|GC=1|IC=80000000|TB=3), 1415432753, 7.721, 1692401, 0, 0, (12)3 2 0 7 1 1 7 4 1 8 3 10 11 10 6 7 5 8 10 3 0 10 3 6 10 8 6 1 11 9 5 9 10 7 7 11 2 0 7 3 4 8 11 11 1 7 4 11 8 3 7 0 11 4 9 3 2 2 2 7 7 3 7 9 8 11 4 7 4 2 9 4 0 11 3 4 0 9 8 0 3 11 1 5 3 5 1 5 6 1 4 10 9 0 0 3 6 8 10 2 1 10 6 9 2 0 4 9 6 5 10 11 8 0 2 10 3 9 7 5 11 7 2 0 8 6 10 0 1 1 5 6 11 4 11 11 2 4 11 2 4 5 1 7 5 8 11 2 0 8 3 0 0 11 4 2 7 5 8 1 0 10 3 1 7 0 7 5 7 11 11 9 0 9 6 5 11 5 3 9 3 4 0 9 8 0 10 1 11 4 0 3 9 10 6 2 0 9 7 2 11 7 7 1 7 8 8 11 10 0 4 9 6 9 9 1 9 9 2 4 11 2 10 10 7 9 8 8 3 0 8 8 5 0 5 11 6 8 3 1 7 3 0 8 7 3 4 8 1 1 4 11 10 5 4 5 0 4 9 6 7 4 5 1 6 11 6 5 6 11 2 8 11 7 11 0 1 6 6 9 11 9 1 7 11 10 0 4 2 4 0 4 3 3 3 1 6 0 0 3 1 1 2 2 8 1 3 11 1 1 3 0 1 1 1 8 6 4 7 2 6 8 6 7 6 1 10 5 2 10 0 9 8 8 2 8 6 2 3 7 8 6 5 5 0 2 4 0 2 5 6 3 8 7 6 0 4 1 2 3 5 6 6 11 3 2 7 8 10 7 10 1 6 5 11 4 0 4 10 10 5 5 5 8 9 11 4 9 7 7 8 1 9 3 10 2 2 7 2 0 9 6 5 1 6 7 10 9 7 6 8 3 2 5 10 9 3 5 4 2 11 2 2 6 9 2 6 6 10 10 2 4 10 1 11 6 10 10 1 10 3 11 3 5 7 7 11 7 10 10 0 0 9 8 2 7 3 11 4 4 9 3 10 8 5 9 7 1 0 3 6 11 4 0 10 4 9 11 5 7 7 7 1 7 10 0 6 7 1 2 9 3 1 10 7 11 2 3 5 2 
2014-11-08 Sat 15:46:35, DSJC500.1.col, HEA(PS=1|GC=1|IC=80000000|TB=3), 1415432761, 34.035, 8458474, 0, 0, (12)7 11 5 2 8 4 2 4 6 6 6 10 5 7 4 2 4 7 3 10 11 11 6 8 6 4 8 8 1 4 6 10 0 2 2 8 3 4 0 6 9 11 5 10 5 2 8 0 8 10 2 0 10 4 3 0 4 10 5 2 2 1 2 4 5 0 11 2 4 3 9 9 10 10 6 4 8 10 7 10 3 10 5 9 7 1 5 11 9 11 11 6 1 10 6 3 1 1 3 11 10 8 8 5 7 7 8 7 7 0 6 10 7 6 11 6 6 11 2 9 5 2 7 7 8 4 10 0 5 1 4 7 5 0 8 0 0 9 8 9 1 3 6 2 0 7 4 1 3 5 3 4 11 5 4 11 2 8 9 9 10 7 3 10 2 1 2 10 2 5 1 0 8 7 1 5 3 8 9 7 10 4 11 3 5 1 8 5 10 9 7 0 4 1 8 3 0 6 2 1 11 2 2 3 2 9 6 0 1 10 3 1 1 9 2 5 9 4 0 4 7 11 6 7 2 10 11 7 8 10 9 3 4 9 1 5 10 7 10 8 2 3 7 11 2 7 5 9 9 8 0 7 0 6 9 5 7 8 5 1 2 0 1 11 8 5 6 2 8 5 5 9 7 2 3 7 10 6 9 9 11 3 11 2 9 10 10 3 7 6 4 4 8 7 5 4 0 0 6 6 6 1 6 11 5 9 0 4 8 4 5 3 3 4 10 8 4 7 2 0 5 9 8 2 8 5 9 7 3 3 10 1 3 11 3 11 7 1 7 2 1 9 11 1 9 5 6 11 8 1 10 7 8 2 0 11 8 11 0 3 11 8 9 7 4 5 2 9 3 2 6 5 0 5 5 8 4 4 9 7 0 11 9 9 9 11 6 1 2 2 5 4 7 7 3 11 11 2 11 4 7 10 1 3 1 2 11 5 2 10 7 4 0 9 2 5 10 4 4 0 7 0 1 6 8 8 9 8 4 6 0 8 10 10 11 10 4 6 7 10 3 5 8 1 2 2 6 2 10 3 11 11 1 7 0 2 0 7 0 9 10 6 1 8 6 3 2 10 3 0 9 1 1 1 6 9 5 0 1 2 2 2 9 2 6 8 4 2 9 4 0 11 3 6 2 1 1 1 11 3 
2014-11-08 Sat 15:46:59, DSJC500.1.col, HEA(PS=1|GC=1|IC=80000000|TB=3), 1415432795, 23.776, 5940904, 0, 0, (12)2 7 0 0 8 9 5 1 2 0 1 5 4 0 6 5 4 1 6 10 3 10 11 8 7 9 11 6 2 7 9 7 7 3 0 1 9 1 8 5 9 9 0 10 2 3 6 6 3 2 6 8 2 3 0 11 11 10 9 11 9 1 4 9 2 8 1 4 2 10 9 2 10 1 8 6 2 9 3 9 6 1 8 0 3 6 2 3 11 0 2 11 8 2 5 10 11 9 7 9 2 10 11 8 1 10 5 3 5 4 10 7 7 8 2 10 4 9 5 7 1 4 7 3 3 5 0 8 3 0 3 3 0 4 4 3 5 5 3 0 1 3 10 9 0 3 4 5 7 7 6 2 7 10 1 7 5 10 2 10 10 10 11 7 1 3 6 3 8 1 11 3 0 2 9 4 10 5 11 11 6 4 9 4 8 10 4 6 2 6 11 0 11 11 0 7 9 1 8 9 10 5 0 7 11 11 4 9 3 6 1 1 0 7 8 11 5 9 5 8 11 0 6 10 8 5 3 10 2 11 3 7 10 4 6 1 9 2 9 0 1 1 4 11 3 3 9 8 2 8 0 2 8 8 6 2 8 4 0 11 11 6 10 8 11 6 11 1 8 10 1 8 3 1 7 8 7 11 7 4 2 3 7 0 10 8 5 10 1 10 5 9 3 0 8 8 0 8 10 4 6 9 7 1 8 8 6 3 2 4 6 6 0 4 11 2 11 5 8 9 11 9 11 9 0 6 8 4 7 2 0 5 3 3 2 7 2 9 0 7 7 11 1 7 2 6 4 4 0 0 0 11 0 0 4 4 6 5 1 8 3 5 4 4 4 9 8 6 7 9 7 1 3 8 6 3 2 1 9 3 4 7 0 6 8 9 9 5 3 6 0 7 0 3 7 5 2 9 2 0 0 7 5 7 5 9 6 7 1 2 2 8 1 4 9 9 0 9 10 8 1 0 10 11 11 10 8 3 4 1 11 6 10 0 5 4 4 2 5 5 3 1 6 11 5 8 1 9 10 9 2 0 3 8 9 9 6 5 4 5 5 2 5 8 10 10 6 1 2 5 1 2 2 6 5 4 3 3 3 11 9 3 5 10 11 6 6 5 7 9 1 1 8 7 11 10 7 5 2 1 
2014-11-08 Sat 15:49:23, DSJC500.1.col, HEA(PS=1|GC=1|IC=80000000|TB=3), 1415432819, 144.64, 35527495, 0, 0, (12)5 2 9 0 1 4 0 10 10 3 1 0 11 7 9 0 4 7 5 4 2 5 6 7 1 4 3 5 5 6 6 11 1 8 0 9 8 6 4 1 6 6 6 5 5 0 10 1 10 7 0 9 9 2 8 10 8 6 6 0 0 7 11 0 5 1 10 0 4 2 11 5 3 8 1 9 10 9 3 6 1 10 1 6 7 7 10 2 8 7 7 1 4 4 3 5 10 4 4 2 5 5 3 1 9 3 6 9 4 11 7 10 2 1 1 3 3 7 0 6 7 0 11 4 1 6 11 2 4 10 4 7 7 3 5 2 2 8 8 8 10 11 8 0 2 6 5 3 3 9 10 4 3 7 10 3 0 4 5 6 4 6 3 2 0 9 0 4 4 5 9 4 8 4 6 4 7 4 5 4 6 6 2 9 1 5 9 4 5 10 7 1 4 1 2 9 11 8 0 9 5 4 0 8 0 8 4 2 6 9 11 8 2 9 0 10 7 9 1 4 8 2 3 9 0 1 3 7 10 5 9 11 8 3 3 7 11 3 1 6 0 1 3 1 0 1 9 8 5 10 5 2 1 1 7 8 11 10 11 2 0 10 8 7 6 2 1 10 6 1 10 7 5 0 4 11 2 3 3 11 5 9 8 0 1 8 2 3 2 8 9 8 11 7 5 4 6 1 7 10 5 2 9 7 4 1 7 4 11 6 7 2 7 11 5 6 6 2 0 1 5 7 9 0 6 7 1 11 2 1 6 9 1 2 5 11 5 9 7 0 7 6 8 8 8 11 1 7 6 9 11 7 9 8 10 4 11 11 5 11 3 8 5 3 3 1 0 7 2 0 11 4 11 1 5 10 4 4 1 7 8 11 5 6 8 8 11 2 0 0 6 4 6 1 3 6 9 0 10 4 11 8 8 4 9 0 7 9 0 10 7 4 2 5 0 11 11 6 3 9 11 6 1 1 6 8 6 3 6 3 6 10 5 2 2 10 4 1 7 8 7 9 6 1 0 0 4 0 5 2 8 2 9 1 10 0 7 9 1 0 11 3 9 3 4 4 0 7 8 1 6 5 11 10 8 0 4 7 2 0 0 0 2 0 3 11 10 0 2 6 10 10 1 2 0 9 5 10 5 11 
